3,1,1716.50,364.89,128.96,388.88,1,-1,-1,-1
4,1,1716.50,364.89,128.96,388.88,1,-1,-1,-1
5,1,1716.50,364.89,128.96,388.88,1,-1,-1,-1
6,1,1721.07,382.17,122.76,370.19,1,-1,-1,-1
7,1,1718.09,370.90,126.80,382.38,1,-1,-1,-1
8,1,1717.07,367.05,128.18,386.55,1,-1,-1,-1
8,7,276.42,443.15,89.50,270.62,1,-1,-1,-1
9,1,1704.52,381.98,122.82,370.39,1,-1,-1,-1
9,7,275.75,445.50,86.48,261.49,1,-1,-1,-1
10,1,1699.82,387.56,120.82,364.35,1,-1,-1,-1
10,7,275.48,446.45,85.27,257.81,1,-1,-1,-1
11,1,1692.71,390.73,126.04,380.11,1,-1,-1,-1
11,7,275.39,446.77,84.86,256.57,1,-1,-1,-1
11,9,1308.02,460.25,60.74,184.26,1,-1,-1,-1
11,10,1281.00,545.00,39.00,119.00,1,-1,-1,-1
12,1,1696.73,373.41,134.09,404.36,1,-1,-1,-1
12,7,275.35,446.92,84.67,256.00,1,-1,-1,-1
12,9,1312.62,457.02,63.09,191.38,1,-1,-1,-1
12,10,1287.11,545.00,39.00,119.00,1,-1,-1,-1
13,1,1698.32,366.82,137.12,413.49,1,-1,-1,-1
13,9,1311.62,459.47,67.17,203.75,1,-1,-1,-1
13,10,1289.06,545.00,39.00,119.00,1,-1,-1,-1
14,1,1699.05,364.22,138.27,416.95,1,-1,-1,-1
14,9,1311.19,460.34,68.57,207.99,1,-1,-1,-1
14,10,1289.61,545.00,39.00,119.00,1,-1,-1,-1
15,1,1692.96,364.38,132.59,399.80,1,-1,-1,-1
15,9,1313.18,466.25,65.88,199.81,1,-1,-1,-1
15,10,1289.70,545.00,39.00,119.00,1,-1,-1,-1
16,1,1690.68,364.49,130.32,392.96,1,-1,-1,-1
16,9,1311.60,462.79,67.95,206.07,1,-1,-1,-1
16,10,1288.36,542.36,40.95,124.94,1,-1,-1,-1
16,11,878.48,524.16,33.44,102.05,1,-1,-1,-1
17,1,1679.16,380.64,123.69,373.00,1,-1,-1,-1
17,9,1311.01,461.54,68.67,208.25,1,-1,-1,-1
17,10,1289.29,541.90,41.28,125.96,1,-1,-1,-1
17,11,879.52,525.21,32.99,100.67,1,-1,-1,-1
18,1,1674.94,386.74,121.19,365.47,1,-1,-1,-1
18,9,1310.75,461.04,68.91,208.94,1,-1,-1,-1
18,10,1288.11,535.57,44.18,134.76,1,-1,-1,-1
18,11,878.69,523.64,33.75,103.02,1,-1,-1,-1
18,12,1807.66,440.58,59.65,181.11,1,-1,-1,-1
19,1,1672.27,371.46,132.40,399.26,1,-1,-1,-1
19,9,1310.62,460.84,68.96,209.09,1,-1,-1,-1
19,10,1294.23,541.41,40.97,124.99,1,-1,-1,-1
19,11,878.67,523.49,33.83,103.27,1,-1,-1,-1
19,12,1807.34,441.73,63.02,191.31,1,-1,-1,-1
20,1,1671.32,366.02,136.40,411.30,1,-1,-1,-1
20,9,1311.01,460.97,69.67,211.24,1,-1,-1,-1
20,10,1295.53,541.02,41.19,125.64,1,-1,-1,-1
20,11,878.64,523.43,33.86,103.36,1,-1,-1,-1
20,12,1816.12,438.41,61.05,185.32,1,-1,-1,-1
21,1,1671.09,363.87,137.96,415.99,1,-1,-1,-1
21,9,1321.41,460.75,68.98,209.13,1,-1,-1,-1
21,10,1303.29,544.09,39.51,120.52,1,-1,-1,-1
21,11,878.93,523.57,33.82,103.24,1,-1,-1,-1
21,12,1810.46,441.10,63.28,192.07,1,-1,-1,-1
22,1,1671.12,363.06,138.53,417.69,1,-1,-1,-1
22,9,1323.81,460.71,68.89,208.85,1,-1,-1,-1
22,10,1305.34,544.09,39.50,120.50,1,-1,-1,-1
22,12,1817.00,438.42,61.08,185.41,1,-1,-1,-1
22,15,1.00,212.12,210.12,632.36,1,-1,-1,-1
23,1,1671.23,362.79,138.71,418.22,1,-1,-1,-1
23,9,1324.63,460.69,68.86,208.72,1,-1,-1,-1
23,12,1819.44,437.46,60.19,182.69,1,-1,-1,-1
23,15,1.00,212.12,210.12,632.36,1,-1,-1,-1
24,1,1671.35,362.72,138.74,418.30,1,-1,-1,-1
24,9,1324.88,460.69,68.83,208.63,1,-1,-1,-1
24,12,1820.25,437.17,59.86,181.67,1,-1,-1,-1
24,15,30.05,230.75,199.72,601.08,1,-1,-1,-1
25,1,1671.48,362.73,138.72,418.23,1,-1,-1,-1
25,9,1324.91,460.68,68.81,208.54,1,-1,-1,-1
25,12,1820.49,437.10,59.73,181.27,1,-1,-1,-1
25,15,38.13,235.94,196.83,592.36,1,-1,-1,-1
25,16,314.52,464.01,73.58,222.48,1,-1,-1,-1
26,1,1671.59,362.76,138.68,418.11,1,-1,-1,-1
26,9,1324.87,460.68,68.78,208.47,1,-1,-1,-1
26,12,1821.75,436.27,59.82,181.54,1,-1,-1,-1
26,15,46.27,229.34,220.55,663.73,1,-1,-1,-1
26,16,324.38,451.17,81.93,247.76,1,-1,-1,-1
27,1,1653.34,362.80,138.64,417.98,1,-1,-1,-1
27,9,1324.81,460.67,68.77,208.40,1,-1,-1,-1
27,15,48.89,228.86,224.49,675.60,1,-1,-1,-1
27,16,327.37,447.23,84.50,255.50,1,-1,-1,-1
28,1,1645.51,360.29,145.16,437.61,1,-1,-1,-1
28,9,1324.74,460.67,68.75,208.34,1,-1,-1,-1
28,10,1313.23,544.96,39.03,119.07,1,-1,-1,-1
28,15,49.53,228.56,225.86,679.73,1,-1,-1,-1
28,16,331.30,443.94,86.64,261.97,1,-1,-1,-1
29,1,1642.65,359.36,147.58,444.90,1,-1,-1,-1
29,9,1325.59,460.70,68.97,209.00,1,-1,-1,-1
29,10,1313.57,545.01,39.00,118.98,1,-1,-1,-1
29,15,49.45,228.35,226.27,680.94,1,-1,-1,-1
30,1,1642.64,361.55,142.01,428.10,1,-1,-1,-1
30,10,1313.70,545.03,38.99,118.95,1,-1,-1,-1
30,15,51.34,206.75,237.08,713.46,1,-1,-1,-1
31,1,1641.86,340.05,146.37,441.23,1,-1,-1,-1
31,10,1313.70,545.03,38.99,118.94,1,-1,-1,-1
31,15,79.23,219.67,230.52,693.71,1,-1,-1,-1
31,17,1791.91,329.43,148.29,446.86,1,-1,-1,-1
32,1,1641.63,332.19,147.95,445.99,1,-1,-1,-1
32,10,1313.65,545.03,38.99,118.95,1,-1,-1,-1
32,15,86.87,220.05,232.66,700.14,1,-1,-1,-1
32,17,1790.99,329.43,148.29,446.86,1,-1,-1,-1
33,1,1641.66,329.26,148.53,447.71,1,-1,-1,-1
33,9,1326.80,468.15,64.52,195.52,1,-1,-1,-1
33,10,1314.72,545.08,38.96,118.86,1,-1,-1,-1
33,15,120.36,213.95,215.57,648.71,1,-1,-1,-1
33,17,1791.01,307.40,148.29,446.86,1,-1,-1,-1
34,1,1641.77,328.26,148.71,448.24,1,-1,-1,-1
34,9,1326.84,468.85,64.07,194.17,1,-1,-1,-1
34,10,1313.55,542.04,41.20,125.68,1,-1,-1,-1
34,15,130.81,213.63,215.61,648.85,1,-1,-1,-1
34,17,1791.66,292.49,155.93,469.87,1,-1,-1,-1
35,1,1642.88,350.14,142.20,428.64,1,-1,-1,-1
35,9,1325.27,463.57,67.03,203.13,1,-1,-1,-1
35,10,1313.41,541.37,41.69,127.18,1,-1,-1,-1
35,17,1791.95,287.53,158.56,477.78,1,-1,-1,-1
36,1,1643.42,358.72,139.65,420.93,1,-1,-1,-1
36,9,1326.25,467.03,65.08,197.22,1,-1,-1,-1
36,10,1314.14,541.04,41.94,127.93,1,-1,-1,-1
36,15,157.60,233.96,198.79,598.25,1,-1,-1,-1
36,17,1792.17,286.09,159.45,480.47,1,-1,-1,-1
37,1,1643.68,361.88,138.70,418.09,1,-1,-1,-1
37,9,1326.61,468.38,64.31,194.89,1,-1,-1,-1
37,15,168.68,235.88,197.03,592.94,1,-1,-1,-1
37,17,1792.32,285.90,159.70,481.20,1,-1,-1,-1
38,1,1643.84,363.03,138.36,417.05,1,-1,-1,-1
38,9,1325.14,463.39,67.11,203.39,1,-1,-1,-1
38,10,1313.35,541.04,41.94,127.90,1,-1,-1,-1
38,17,1792.43,286.12,159.71,481.25,1,-1,-1,-1
39,1,1647.57,396.72,126.31,380.75,1,-1,-1,-1
39,9,1324.60,461.55,68.15,206.51,1,-1,-1,-1
39,10,1313.87,540.78,42.13,128.51,1,-1,-1,-1
39,17,1792.52,286.43,159.66,481.08,1,-1,-1,-1
40,1,1641.12,394.17,127.66,384.85,1,-1,-1,-1
40,9,1324.38,460.84,68.54,207.69,1,-1,-1,-1
40,10,1319.58,544.04,39.72,121.16,1,-1,-1,-1
40,17,1786.87,277.67,167.20,503.78,1,-1,-1,-1
41,1,1622.06,372.06,141.04,425.16,1,-1,-1,-1
41,9,1333.49,460.59,68.68,208.12,1,-1,-1,-1
41,10,1320.87,544.73,39.21,119.62,1,-1,-1,-1
41,15,272.24,274.43,195.60,588.66,1,-1,-1,-1
41,17,1784.80,274.52,169.97,512.12,1,-1,-1,-1
42,1,1631.32,384.33,133.53,402.53,1,-1,-1,-1
42,9,1336.95,460.51,68.73,208.25,1,-1,-1,-1
42,10,1315.89,542.40,40.94,124.86,1,-1,-1,-1
42,15,277.69,243.39,215.69,649.11,1,-1,-1,-1
42,17,1789.66,282.41,163.49,492.59,1,-1,-1,-1
43,1,1635.42,389.34,130.39,393.08,1,-1,-1,-1
43,9,1338.22,460.49,68.74,208.27,1,-1,-1,-1
43,10,1316.25,542.26,41.04,125.18,1,-1,-1,-1
43,15,295.41,250.79,212.52,639.58,1,-1,-1,-1
43,17,1791.22,292.80,153.73,463.17,1,-1,-1,-1
44,1,1620.13,369.92,142.15,428.52,1,-1,-1,-1
44,9,1338.65,460.49,68.74,208.26,1,-1,-1,-1
44,15,285.78,235.88,221.13,665.46,1,-1,-1,-1
44,17,1791.85,296.86,150.01,451.97,1,-1,-1,-1
45,1,1634.76,365.46,139.96,421.92,1,-1,-1,-1
45,9,1338.77,460.51,68.73,208.23,1,-1,-1,-1
45,15,297.42,247.82,214.53,645.62,1,-1,-1,-1
45,17,1786.73,282.06,163.59,492.87,1,-1,-1,-1
46,1,1640.85,363.68,139.03,419.10,1,-1,-1,-1
46,9,1338.76,460.52,68.72,208.19,1,-1,-1,-1
46,15,324.59,255.16,193.80,583.24,1,-1,-1,-1
46,17,1790.43,285.58,161.05,485.21,1,-1,-1,-1
47,1,1622.54,360.49,145.23,437.79,1,-1,-1,-1
47,9,1338.72,460.54,68.71,208.17,1,-1,-1,-1
47,15,338.90,255.17,204.52,615.51,1,-1,-1,-1
47,17,1786.31,278.16,167.51,504.68,1,-1,-1,-1
48,1,1615.75,359.31,147.53,444.70,1,-1,-1,-1
48,9,1338.67,460.55,68.70,208.14,1,-1,-1,-1
48,15,343.83,227.52,208.15,626.44,1,-1,-1,-1
48,17,1784.79,275.44,169.91,511.87,1,-1,-1,-1
49,1,1613.20,358.90,148.39,447.28,1,-1,-1,-1
49,9,1338.62,460.56,68.69,208.11,1,-1,-1,-1
49,15,382.00,233.39,200.30,602.82,1,-1,-1,-1
49,17,1784.23,274.49,170.78,514.49,1,-1,-1,-1
50,1,1612.32,358.79,148.68,448.14,1,-1,-1,-1
50,9,1338.57,460.57,68.69,208.09,1,-1,-1,-1
50,10,1320.89,544.83,39.14,119.40,1,-1,-1,-1
50,15,398.16,232.47,199.71,601.06,1,-1,-1,-1
50,17,1784.05,274.22,171.06,515.32,1,-1,-1,-1
51,1,1604.04,333.71,155.74,469.40,1,-1,-1,-1
51,9,1339.16,460.44,68.77,208.35,1,-1,-1,-1
51,10,1321.12,544.99,39.02,119.03,1,-1,-1,-1
51,17,1784.01,274.21,171.11,515.47,1,-1,-1,-1
51,24,1544.92,144.07,221.90,667.80,1,-1,-1,-1
52,1,1600.98,324.31,158.38,477.32,1,-1,-1,-1
52,9,1339.62,466.97,65.09,197.19,1,-1,-1,-1
52,10,1321.20,545.04,38.98,118.91,1,-1,-1,-1
52,17,1784.03,274.29,171.09,515.38,1,-1,-1,-1
52,24,1537.32,133.39,226.76,682.45,1,-1,-1,-1
53,1,1588.49,345.56,152.43,459.41,1,-1,-1,-1
53,9,1338.82,462.78,67.44,204.32,1,-1,-1,-1
53,10,1321.21,545.06,38.97,118.87,1,-1,-1,-1
53,17,1771.59,263.18,179.10,539.49,1,-1,-1,-1
53,24,1538.34,134.81,226.12,680.49,1,-1,-1,-1
53,25,374.12,416.62,96.08,290.20,1,-1,-1,-1
54,1,1583.76,354.13,150.01,452.09,1,-1,-1,-1
54,9,1339.47,466.79,65.18,197.48,1,-1,-1,-1
54,10,1321.20,545.06,38.97,118.87,1,-1,-1,-1
54,17,1766.94,259.06,182.08,548.44,1,-1,-1,-1
54,24,1537.86,134.14,226.42,681.41,1,-1,-1,-1
54,25,378.76,415.17,97.13,293.36,1,-1,-1,-1
55,1,1572.61,353.21,156.14,470.54,1,-1,-1,-1
55,9,1339.91,467.27,64.92,196.69,1,-1,-1,-1
55,10,1321.18,545.05,38.97,118.88,1,-1,-1,-1
55,17,1765.19,257.56,183.18,551.73,1,-1,-1,-1
55,24,1537.83,134.11,226.44,681.46,1,-1,-1,-1
55,25,378.88,442.63,86.53,261.38,1,-1,-1,-1
56,1,1577.91,356.96,151.46,456.46,1,-1,-1,-1
56,9,1338.66,462.16,67.79,205.37,1,-1,-1,-1
56,10,1321.16,545.05,38.97,118.89,1,-1,-1,-1
56,17,1754.61,268.22,175.53,528.69,1,-1,-1,-1
56,24,1554.15,185.94,215.99,650.00,1,-1,-1,-1
56,25,379.16,447.33,84.74,255.98,1,-1,-1,-1
57,1,1580.27,358.46,149.55,450.70,1,-1,-1,-1
57,9,1338.92,462.02,67.87,205.62,1,-1,-1,-1
57,10,1321.14,545.04,38.97,118.90,1,-1,-1,-1
57,17,1750.62,272.51,172.46,519.44,1,-1,-1,-1
57,24,1560.41,234.67,211.98,637.93,1,-1,-1,-1
57,25,379.22,448.62,84.24,254.49,1,-1,-1,-1
58,1,1561.52,359.03,148.82,448.49,1,-1,-1,-1
58,9,1354.73,480.77,61.49,186.34,1,-1,-1,-1
58,10,1321.13,545.04,38.98,118.92,1,-1,-1,-1
58,17,1749.24,274.14,171.29,515.93,1,-1,-1,-1
58,24,1571.93,240.14,200.90,604.60,1,-1,-1,-1
58,25,377.07,440.02,93.07,281.17,1,-1,-1,-1
59,1,1564.85,355.08,155.60,468.91,1,-1,-1,-1
59,9,1349.83,476.48,60.05,181.98,1,-1,-1,-1
59,10,1321.11,545.03,38.98,118.93,1,-1,-1,-1
59,17,1748.84,274.77,170.85,514.58,1,-1,-1,-1
59,24,1574.35,250.71,198.79,598.24,1,-1,-1,-1
59,25,389.61,445.32,87.73,265.04,1,-1,-1,-1
60,1,1550.21,325.46,165.55,498.85,1,-1,-1,-1
60,9,1342.30,466.10,65.64,198.92,1,-1,-1,-1
60,10,1321.29,545.09,38.94,118.81,1,-1,-1,-1
60,17,1748.79,275.03,170.67,514.04,1,-1,-1,-1
60,25,394.54,447.24,85.55,258.46,1,-1,-1,-1
61,1,1550.55,345.88,155.18,467.61,1,-1,-1,-1
61,9,1360.96,478.86,61.83,187.37,1,-1,-1,-1
61,10,1321.10,545.03,38.98,118.93,1,-1,-1,-1
61,17,1734.65,263.85,178.72,538.26,1,-1,-1,-1
61,24,1577.17,241.77,195.84,589.39,1,-1,-1,-1
61,25,396.16,447.81,84.79,256.19,1,-1,-1,-1
62,1,1551.08,354.47,150.81,454.43,1,-1,-1,-1
62,9,1368.55,484.08,60.26,182.66,1,-1,-1,-1
62,10,1321.08,545.02,38.99,118.95,1,-1,-1,-1
62,17,1743.40,270.79,173.73,523.26,1,-1,-1,-1
62,24,1527.23,143.51,227.05,683.30,1,-1,-1,-1
62,25,396.63,447.92,84.54,255.47,1,-1,-1,-1
63,1,1545.31,324.54,163.94,493.99,1,-1,-1,-1
63,9,1371.22,485.93,59.71,180.98,1,-1,-1,-1
63,10,1321.07,545.02,38.99,118.96,1,-1,-1,-1
63,15,625.58,257.73,183.00,550.81,1,-1,-1,-1
63,17,1732.80,262.28,179.86,541.68,1,-1,-1,-1
63,24,1513.73,116.60,248.03,746.38,1,-1,-1,-1
63,25,396.67,447.87,84.48,255.29,1,-1,-1,-1
63,27,903.24,513.00,39.00,119.00,1,-1,-1,-1
64,1,1549.10,345.57,154.50,465.54,1,-1,-1,-1
64,9,1373.97,487.59,59.21,179.48,1,-1,-1,-1
64,10,1321.06,545.02,38.99,118.96,1,-1,-1,-1
64,15,630.81,258.54,182.55,549.50,1,-1,-1,-1
64,17,1728.95,259.17,182.10,548.43,1,-1,-1,-1
64,24,1551.52,189.48,216.84,652.54,1,-1,-1,-1
64,25,403.26,444.57,88.59,267.70,1,-1,-1,-1
64,27,905.19,513.00,39.00,119.00,1,-1,-1,-1
65,1,1550.99,354.45,150.50,453.50,1,-1,-1,-1
65,10,1321.05,545.02,38.99,118.97,1,-1,-1,-1
65,15,636.43,244.76,191.22,575.59,1,-1,-1,-1
65,17,1727.59,258.03,182.93,550.91,1,-1,-1,-1
65,24,1568.37,221.78,202.95,610.78,1,-1,-1,-1
65,25,410.35,446.45,86.09,260.17,1,-1,-1,-1
65,27,905.67,513.00,39.00,119.00,1,-1,-1,-1
66,1,1540.71,353.54,156.15,470.52,1,-1,-1,-1
66,9,1372.38,486.74,59.46,180.25,1,-1,-1,-1
66,10,1321.05,545.01,38.99,118.97,1,-1,-1,-1
66,15,640.16,223.18,203.63,612.93,1,-1,-1,-1
66,17,1731.08,243.94,191.82,577.66,1,-1,-1,-1
66,24,1525.14,138.24,228.97,689.05,1,-1,-1,-1
66,25,412.94,447.12,85.12,257.23,1,-1,-1,-1
66,27,905.71,513.00,39.00,119.00,1,-1,-1,-1
67,1,1537.03,353.21,158.21,476.71,1,-1,-1,-1
67,9,1355.61,478.32,59.48,180.34,1,-1,-1,-1
67,10,1321.04,545.01,38.99,118.97,1,-1,-1,-1
67,15,641.18,214.96,208.36,627.16,1,-1,-1,-1
67,17,1728.63,252.17,186.67,562.14,1,-1,-1,-1
67,24,1510.39,109.77,237.84,715.72,1,-1,-1,-1
67,25,408.96,444.14,88.85,268.52,1,-1,-1,-1
67,27,905.64,513.00,39.00,119.00,1,-1,-1,-1
68,1,1535.75,353.08,158.98,479.02,1,-1,-1,-1
68,9,1365.95,483.50,59.50,180.39,1,-1,-1,-1
68,10,1321.03,545.01,38.99,118.98,1,-1,-1,-1
68,15,664.62,228.27,201.00,605.00,1,-1,-1,-1
68,17,1727.80,255.61,184.51,555.63,1,-1,-1,-1
68,24,1504.63,129.81,241.32,726.17,1,-1,-1,-1
68,25,412.15,446.14,86.23,260.60,1,-1,-1,-1
68,27,905.55,513.00,39.00,119.00,1,-1,-1,-1
69,1,1546.30,357.15,152.23,458.70,1,-1,-1,-1
69,9,1367.02,484.21,59.22,179.54,1,-1,-1,-1
69,10,1321.03,545.01,38.99,118.98,1,-1,-1,-1
69,15,677.03,216.92,207.36,624.15,1,-1,-1,-1
69,17,1731.48,243.14,192.34,579.19,1,-1,-1,-1
69,24,1495.97,131.83,232.06,698.29,1,-1,-1,-1
69,25,413.25,446.89,85.19,257.48,1,-1,-1,-1
69,27,905.47,513.00,39.00,119.00,1,-1,-1,-1
70,1,1544.39,357.59,152.21,458.62,1,-1,-1,-1
70,10,1321.03,545.01,39.00,118.98,1,-1,-1,-1
70,15,720.14,242.90,191.92,577.68,1,-1,-1,-1
70,17,1732.88,238.54,195.23,587.87,1,-1,-1,-1
70,24,1467.88,111.95,250.47,753.68,1,-1,-1,-1
70,25,413.57,447.13,84.81,256.35,1,-1,-1,-1
70,27,905.40,513.00,39.00,119.00,1,-1,-1,-1
71,9,1370.88,485.97,59.51,180.43,1,-1,-1,-1
71,10,1321.02,545.01,39.00,118.98,1,-1,-1,-1
71,15,736.25,253.40,185.68,558.94,1,-1,-1,-1
71,17,1729.64,250.48,187.73,565.30,1,-1,-1,-1
71,24,1481.79,125.04,235.74,709.33,1,-1,-1,-1
71,25,421.04,444.03,88.75,268.24,1,-1,-1,-1
71,27,906.04,513.00,39.00,119.00,1,-1,-1,-1
72,1,1514.73,346.16,167.65,505.14,1,-1,-1,-1
72,9,1371.49,486.25,59.54,180.56,1,-1,-1,-1
72,10,1321.02,545.01,39.00,118.99,1,-1,-1,-1
72,15,741.49,257.15,183.45,552.25,1,-1,-1,-1
72,17,1706.18,241.37,193.45,582.51,1,-1,-1,-1
72,24,1462.99,109.82,251.75,757.50,1,-1,-1,-1
72,25,423.75,442.87,90.20,272.64,1,-1,-1,-1
73,1,1510.15,344.44,170.01,512.21,1,-1,-1,-1
73,9,1350.71,474.93,62.42,189.28,1,-1,-1,-1
73,10,1321.02,545.01,39.00,118.99,1,-1,-1,-1
73,15,751.82,244.43,191.50,576.45,1,-1,-1,-1
73,17,1697.64,238.06,195.53,588.75,1,-1,-1,-1
73,24,1456.24,104.35,257.51,774.80,1,-1,-1,-1
73,25,418.77,437.35,95.05,287.25,1,-1,-1,-1
74,1,1508.54,343.82,170.85,514.73,1,-1,-1,-1
74,9,1349.49,474.31,62.59,189.78,1,-1,-1,-1
74,10,1315.68,542.47,40.87,124.68,1,-1,-1,-1
74,15,755.29,239.77,194.44,585.33,1,-1,-1,-1
74,17,1694.49,236.86,196.28,591.00,1,-1,-1,-1
74,24,1453.88,102.47,259.66,781.22,1,-1,-1,-1
74,25,416.82,435.26,96.88,292.76,1,-1,-1,-1
75,1,1508.09,343.61,171.12,515.53,1,-1,-1,-1
75,10,1313.69,541.53,41.56,126.79,1,-1,-1,-1
75,15,781.90,237.98,195.58,588.74,1,-1,-1,-1
75,17,1693.45,236.49,196.52,591.70,1,-1,-1,-1
75,24,1453.25,101.99,260.35,783.29,1,-1,-1,-1
75,25,415.98,434.45,97.56,294.83,1,-1,-1,-1
76,1,1508.07,343.56,171.17,515.66,1,-1,-1,-1
76,10,1312.94,541.18,41.83,127.59,1,-1,-1,-1
76,15,805.18,251.10,187.34,563.95,1,-1,-1,-1
76,17,1693.21,236.43,196.56,591.81,1,-1,-1,-1
76,24,1453.26,102.03,260.50,783.70,1,-1,-1,-1
76,25,415.59,434.17,97.80,295.53,1,-1,-1,-1
76,33,258.23,464.01,84.74,256.23,1,-1,-1,-1
77,1,1508.20,343.58,171.14,515.55,1,-1,-1,-1
77,9,1339.14,462.07,67.92,205.93,1,-1,-1,-1
77,10,1317.96,543.56,40.07,122.24,1,-1,-1,-1
77,15,822.99,267.64,175.90,529.56,1,-1,-1,-1
77,17,1693.27,236.47,196.54,591.72,1,-1,-1,-1
77,24,1453.50,102.24,260.43,783.50,1,-1,-1,-1
77,25,425.19,431.04,89.58,270.72,1,-1,-1,-1
77,33,271.31,464.01,84.74,256.23,1,-1,-1,-1
78,1,1508.38,343.61,171.08,515.37,1,-1,-1,-1
78,9,1337.92,460.60,68.57,207.88,1,-1,-1,-1
78,10,1319.94,544.50,39.38,120.13,1,-1,-1,-1
78,15,837.54,290.22,156.61,471.51,1,-1,-1,-1
78,17,1693.41,236.55,196.49,591.56,1,-1,-1,-1
78,24,1453.80,102.51,260.31,783.10,1,-1,-1,-1
78,25,424.83,438.26,90.45,273.34,1,-1,-1,-1
78,33,273.74,464.74,80.54,243.52,1,-1,-1,-1
79,1,1508.56,321.11,171.02,515.17,1,-1,-1,-1
79,9,1337.50,460.09,68.80,208.56,1,-1,-1,-1
79,10,1320.04,544.54,39.35,120.03,1,-1,-1,-1
79,15,841.77,298.28,149.68,450.70,1,-1,-1,-1
79,17,1693.59,236.64,196.43,591.39,1,-1,-1,-1
79,24,1454.09,102.77,260.17,782.66,1,-1,-1,-1
79,25,424.68,428.65,90.76,274.26,1,-1,-1,-1
79,33,275.99,464.26,83.31,251.91,1,-1,-1,-1
80,1,1508.73,335.15,170.96,514.98,1,-1,-1,-1
80,9,1335.85,458.63,69.38,210.29,1,-1,-1,-1
80,15,857.63,284.02,162.84,490.33,1,-1,-1,-1
80,17,1693.75,236.72,196.38,591.23,1,-1,-1,-1
80,24,1454.38,103.02,260.03,782.23,1,-1,-1,-1
80,25,428.50,428.99,86.83,262.40,1,-1,-1,-1
80,33,276.64,464.10,84.24,254.71,1,-1,-1,-1
81,1,1483.37,308.40,178.98,539.12,1,-1,-1,-1
81,9,1338.35,466.15,65.36,198.13,1,-1,-1,-1
81,10,1314.03,541.70,41.45,126.43,1,-1,-1,-1
81,15,863.05,279.21,167.28,503.72,1,-1,-1,-1
81,17,1693.91,236.80,196.33,591.08,1,-1,-1,-1
81,24,1454.63,103.24,259.90,781.84,1,-1,-1,-1
81,25,433.04,432.31,93.85,283.62,1,-1,-1,-1
81,33,283.04,474.13,77.02,232.89,1,-1,-1,-1
82,1,1473.93,298.42,181.96,548.08,1,-1,-1,-1
82,9,1337.86,462.19,67.63,204.98,1,-1,-1,-1
82,10,1313.49,541.44,41.64,127.00,1,-1,-1,-1
82,15,886.89,298.38,147.90,445.41,1,-1,-1,-1
82,17,1694.05,236.87,196.29,590.95,1,-1,-1,-1
82,24,1454.86,103.44,259.79,781.48,1,-1,-1,-1
82,25,442.69,430.49,88.17,266.45,1,-1,-1,-1
82,33,288.29,468.16,78.08,236.13,1,-1,-1,-1
83,1,1470.43,294.68,183.07,551.39,1,-1,-1,-1
83,9,1328.53,460.85,68.40,207.29,1,-1,-1,-1
83,15,895.32,283.41,162.75,490.11,1,-1,-1,-1
83,17,1694.17,236.93,196.26,590.83,1,-1,-1,-1
83,24,1455.06,103.62,259.69,781.16,1,-1,-1,-1
83,25,446.44,429.78,85.82,259.38,1,-1,-1,-1
83,33,292.40,465.46,82.36,249.04,1,-1,-1,-1
84,1,1472.20,302.94,175.43,528.37,1,-1,-1,-1
84,9,1334.16,460.37,68.68,208.13,1,-1,-1,-1
84,10,1319.65,544.36,39.48,120.44,1,-1,-1,-1
84,15,920.41,294.37,153.11,461.11,1,-1,-1,-1
84,17,1694.28,236.98,196.22,590.73,1,-1,-1,-1
84,24,1455.24,103.78,259.59,780.88,1,-1,-1,-1
84,25,447.70,429.54,84.98,256.83,1,-1,-1,-1
84,33,296.29,465.41,82.30,248.88,1,-1,-1,-1
85,1,1473.16,329.22,172.37,519.16,1,-1,-1,-1
85,9,1327.21,460.23,68.77,208.41,1,-1,-1,-1
85,10,1315.00,542.16,41.11,125.38,1,-1,-1,-1
85,15,929.71,282.24,164.31,494.86,1,-1,-1,-1
85,17,1694.38,237.03,196.19,590.64,1,-1,-1,-1
85,24,1455.40,103.92,259.51,780.63,1,-1,-1,-1
85,25,448.06,429.48,84.68,255.95,1,-1,-1,-1
85,33,303.97,465.07,79.71,241.06,1,-1,-1,-1
86,1,1462.32,294.36,188.11,566.55,1,-1,-1,-1
86,9,1333.81,460.21,68.79,208.47,1,-1,-1,-1
86,10,1313.51,541.45,41.64,126.98,1,-1,-1,-1
86,15,928.39,266.90,176.21,530.69,1,-1,-1,-1
86,17,1681.49,230.39,215.45,648.57,1,-1,-1,-1
86,24,1453.48,102.25,260.50,783.60,1,-1,-1,-1
86,25,448.09,429.47,84.59,255.67,1,-1,-1,-1
86,33,309.26,464.31,83.07,251.21,1,-1,-1,-1
87,1,1458.39,306.90,193.82,583.71,1,-1,-1,-1
87,9,1337.29,465.64,65.75,199.25,1,-1,-1,-1
87,10,1312.95,541.19,41.83,127.57,1,-1,-1,-1
87,15,927.50,260.97,180.81,544.51,1,-1,-1,-1
87,17,1686.03,218.32,212.92,640.93,1,-1,-1,-1
87,25,448.00,429.49,84.57,255.62,1,-1,-1,-1
87,33,313.57,449.60,88.23,266.80,1,-1,-1,-1
88,1,1441.47,322.20,187.54,564.80,1,-1,-1,-1
88,9,1328.37,462.26,67.66,205.03,1,-1,-1,-1
88,10,1312.46,540.95,42.01,128.10,1,-1,-1,-1
88,15,953.32,269.71,174.65,525.97,1,-1,-1,-1
88,17,1688.03,213.47,211.73,637.35,1,-1,-1,-1
88,24,1455.07,139.01,244.83,736.47,1,-1,-1,-1
88,25,447.89,429.51,84.57,255.65,1,-1,-1,-1
88,33,319.94,458.88,82.53,249.57,1,-1,-1,-1
89,1,1435.01,328.40,184.92,556.87,1,-1,-1,-1
89,9,1325.15,461.04,68.35,207.12,1,-1,-1,-1
89,10,1312.70,541.07,41.92,127.84,1,-1,-1,-1
89,15,962.88,273.24,172.14,518.41,1,-1,-1,-1
89,17,1688.86,211.70,211.21,635.77,1,-1,-1,-1
89,24,1455.37,144.95,242.29,728.83,1,-1,-1,-1
89,25,447.77,429.53,84.59,255.71,1,-1,-1,-1
89,33,322.17,462.78,80.17,242.45,1,-1,-1,-1
90,1,1432.79,330.73,183.88,553.74,1,-1,-1,-1
90,9,1323.98,460.59,68.61,207.90,1,-1,-1,-1
90,10,1318.15,543.65,40.01,122.03,1,-1,-1,-1
90,15,966.00,274.58,171.18,515.53,1,-1,-1,-1
90,17,1679.65,221.07,220.88,664.84,1,-1,-1,-1
90,24,1413.73,86.60,265.62,798.98,1,-1,-1,-1
90,25,459.04,429.55,84.61,255.76,1,-1,-1,-1
90,33,328.47,473.43,75.74,229.07,1,-1,-1,-1
91,1,1432.16,331.60,183.45,552.45,1,-1,-1,-1
91,9,1323.59,460.44,68.70,208.17,1,-1,-1,-1
91,10,1314.69,542.01,41.23,125.72,1,-1,-1,-1
91,15,966.75,275.09,170.81,514.41,1,-1,-1,-1
91,17,1676.22,224.63,224.47,675.64,1,-1,-1,-1
91,24,1438.77,123.43,250.85,754.56,1,-1,-1,-1
91,25,460.88,425.60,88.67,268.05,1,-1,-1,-1
91,33,333.08,474.55,74.98,226.78,1,-1,-1,-1
92,1,1432.11,331.91,183.26,551.86,1,-1,-1,-1
92,9,1322.15,459.94,68.93,208.85,1,-1,-1,-1
92,10,1318.75,543.94,39.81,121.39,1,-1,-1,-1
92,15,989.27,275.28,170.66,513.96,1,-1,-1,-1
92,17,1656.97,216.24,215.99,650.09,1,-1,-1,-1
92,24,1449.52,138.89,244.64,735.88,1,-1,-1,-1
92,25,461.51,424.14,90.19,272.62,1,-1,-1,-1
93,1,1422.20,321.68,191.84,577.67,1,-1,-1,-1
93,10,1320.34,544.69,39.25,119.70,1,-1,-1,-1
93,15,995.64,284.35,163.03,491.01,1,-1,-1,-1
93,17,1637.95,223.04,222.55,669.82,1,-1,-1,-1
93,24,1411.93,84.43,266.45,801.48,1,-1,-1,-1
93,25,461.65,423.61,90.77,274.36,1,-1,-1,-1
93,33,328.97,465.77,83.17,251.53,1,-1,-1,-1
94,1,1410.72,335.87,178.55,537.68,1,-1,-1,-1
94,9,1323.43,460.38,68.75,208.29,1,-1,-1,-1
94,10,1320.91,544.96,39.05,119.09,1,-1,-1,-1
94,15,999.21,278.64,167.81,505.41,1,-1,-1,-1
94,17,1631.04,225.56,224.94,676.99,1,-1,-1,-1
94,24,1405.32,95.90,262.32,789.03,1,-1,-1,-1
94,25,463.91,427.35,86.97,262.90,1,-1,-1,-1
94,33,328.62,464.57,84.31,254.97,1,-1,-1,-1
95,1,1400.17,333.42,181.39,546.22,1,-1,-1,-1
95,9,1322.40,460.01,68.91,208.78,1,-1,-1,-1
95,10,1321.11,545.06,38.98,118.87,1,-1,-1,-1
95,15,1013.76,292.49,154.99,466.83,1,-1,-1,-1
95,17,1628.58,226.56,225.79,679.54,1,-1,-1,-1
95,24,1399.84,92.84,263.65,793.06,1,-1,-1,-1
95,25,464.67,428.84,85.48,258.40,1,-1,-1,-1
95,33,331.69,449.79,88.73,268.31,1,-1,-1,-1
96,1,1396.50,332.53,182.40,549.26,1,-1,-1,-1
96,10,1321.17,545.08,38.95,118.81,1,-1,-1,-1
96,15,1024.79,290.67,157.27,473.69,1,-1,-1,-1
96,17,1627.84,226.96,226.05,680.30,1,-1,-1,-1
96,24,1350.84,64.14,274.70,826.27,1,-1,-1,-1
96,25,471.41,419.36,93.38,282.25,1,-1,-1,-1
96,33,335.40,439.25,94.60,286.03,1,-1,-1,-1
97,1,1395.35,332.18,182.78,550.38,1,-1,-1,-1
97,10,1321.17,545.09,38.95,118.81,1,-1,-1,-1
97,15,1028.49,290.01,158.09,476.16,1,-1,-1,-1
97,17,1627.76,227.12,226.08,680.38,1,-1,-1,-1
97,24,1340.96,58.48,277.03,833.26,1,-1,-1,-1
97,25,473.83,415.94,96.23,290.85,1,-1,-1,-1
97,33,336.77,435.20,96.86,292.85,1,-1,-1,-1
98,1,1383.34,321.70,191.58,576.88,1,-1,-1,-1
98,10,1321.16,545.08,38.95,118.82,1,-1,-1,-1
98,15,1043.40,296.74,151.34,455.85,1,-1,-1,-1
98,17,1627.90,227.18,226.03,680.23,1,-1,-1,-1
98,24,1336.61,55.84,277.94,835.97,1,-1,-1,-1
98,25,477.97,420.48,93.11,281.42,1,-1,-1,-1
98,33,342.60,471.74,82.51,249.48,1,-1,-1,-1
99,1,1378.97,317.78,194.86,586.73,1,-1,-1,-1
99,9,1323.69,460.47,68.71,208.18,1,-1,-1,-1
99,10,1321.15,545.07,38.96,118.84,1,-1,-1,-1
99,15,1057.71,304.55,142.07,427.97,1,-1,-1,-1
99,17,1628.12,227.21,225.96,680.00,1,-1,-1,-1
99,24,1327.27,50.47,280.12,842.54,1,-1,-1,-1
99,25,479.46,422.35,91.82,277.52,1,-1,-1,-1
99,33,344.48,466.65,84.05,254.13,1,-1,-1,-1
100,1,1377.52,316.30,196.09,590.42,1,-1,-1,-1
100,9,1323.14,460.27,68.80,208.44,1,-1,-1,-1
100,10,1315.78,542.53,40.84,124.56,1,-1,-1,-1
100,15,1060.63,294.66,152.93,460.68,1,-1,-1,-1
100,17,1609.53,205.99,236.55,711.83,1,-1,-1,-1
100,24,1377.11,97.53,278.59,837.91,1,-1,-1,-1
100,25,479.93,423.08,91.32,276.01,1,-1,-1,-1
100,33,345.12,464.96,84.56,255.68,1,-1,-1,-1
101,1,1377.19,315.77,196.51,591.66,1,-1,-1,-1
101,10,1313.78,541.58,41.54,126.68,1,-1,-1,-1
101,15,1074.02,298.18,149.66,450.86,1,-1,-1,-1
101,17,1602.65,198.07,240.48,723.66,1,-1,-1,-1
101,24,1349.73,69.95,278.48,837.57,1,-1,-1,-1
101,25,480.01,423.37,91.12,275.40,1,-1,-1,-1
101,33,339.94,444.74,93.10,281.49,1,-1,-1,-1
101,37,905.00,513.00,39.00,119.00,1,-1,-1,-1
102,1,1377.27,315.62,196.61,591.97,1,-1,-1,-1
102,10,1313.02,541.22,41.81,127.49,1,-1,-1,-1
102,15,1086.35,304.77,141.76,427.08,1,-1,-1,-1
102,17,1589.30,216.03,231.41,696.35,1,-1,-1,-1
102,24,1340.08,60.18,278.42,837.37,1,-1,-1,-1
102,25,476.61,417.51,95.37,288.21,1,-1,-1,-1
102,33,343.14,445.24,88.20,266.68,1,-1,-1,-1
102,37,905.00,513.00,39.00,119.00,1,-1,-1,-1
103,1,1351.63,315.60,196.60,591.93,1,-1,-1,-1
103,10,1312.75,541.09,41.90,127.78,1,-1,-1,-1
103,15,1090.41,307.17,138.85,418.34,1,-1,-1,-1
103,17,1584.36,223.22,227.73,685.26,1,-1,-1,-1
103,24,1336.66,56.61,278.34,837.13,1,-1,-1,-1
103,25,475.30,415.34,96.94,292.96,1,-1,-1,-1
103,33,344.33,445.63,86.08,260.26,1,-1,-1,-1
103,37,905.00,513.00,39.00,119.00,1,-1,-1,-1
104,1,1355.57,325.93,187.92,565.78,1,-1,-1,-1
104,10,1312.67,541.05,41.93,127.87,1,-1,-1,-1
104,15,1112.66,311.67,131.59,396.48,1,-1,-1,-1
104,17,1566.57,179.27,248.58,747.99,1,-1,-1,-1
104,24,1335.59,55.39,278.26,836.88,1,-1,-1,-1
104,25,474.72,414.53,97.53,294.73,1,-1,-1,-1
104,33,344.70,445.85,85.28,257.83,1,-1,-1,-1
104,37,905.00,513.00,39.00,119.00,1,-1,-1,-1
105,1,1343.66,319.46,193.32,582.05,1,-1,-1,-1
105,10,1312.66,541.05,41.94,127.88,1,-1,-1,-1
105,15,1118.00,309.47,135.39,407.96,1,-1,-1,-1
105,17,1560.12,163.30,256.17,770.78,1,-1,-1,-1
105,24,1335.42,55.08,278.18,836.63,1,-1,-1,-1
105,25,474.45,414.26,97.73,295.33,1,-1,-1,-1
105,33,344.77,445.99,84.97,256.90,1,-1,-1,-1
105,37,905.00,513.00,39.00,119.00,1,-1,-1,-1
106,1,1339.45,317.12,195.28,587.93,1,-1,-1,-1
106,10,1312.67,541.06,41.94,127.87,1,-1,-1,-1
106,15,1128.53,311.13,133.59,402.53,1,-1,-1,-1
106,17,1553.07,181.61,247.90,745.90,1,-1,-1,-1
106,24,1335.56,55.09,278.11,836.41,1,-1,-1,-1
106,25,477.64,420.13,93.49,282.51,1,-1,-1,-1
106,33,344.74,446.10,84.85,256.54,1,-1,-1,-1
106,37,905.00,513.00,39.00,119.00,1,-1,-1,-1
107,1,1345.78,303.38,205.25,617.93,1,-1,-1,-1
107,10,1312.27,540.87,42.08,128.29,1,-1,-1,-1
107,17,1550.67,189.23,244.43,735.43,1,-1,-1,-1
107,24,1331.14,52.29,279.01,839.10,1,-1,-1,-1
107,25,478.82,422.45,91.82,277.46,1,-1,-1,-1
107,33,344.67,446.20,84.80,256.40,1,-1,-1,-1
107,37,905.00,513.00,39.00,119.00,1,-1,-1,-1
108,1,1340.72,310.88,199.89,601.79,1,-1,-1,-1
108,17,1550.02,192.21,243.05,731.27,1,-1,-1,-1
108,24,1410.22,58.21,293.59,882.93,1,-1,-1,-1
108,25,479.22,423.31,91.20,275.58,1,-1,-1,-1
108,33,348.73,443.13,88.83,268.56,1,-1,-1,-1
108,37,905.00,513.00,39.00,119.00,1,-1,-1,-1
109,1,1318.84,301.03,206.97,623.09,1,-1,-1,-1
109,17,1550.01,193.42,242.48,729.54,1,-1,-1,-1
109,24,1427.47,98.70,296.97,893.08,1,-1,-1,-1
109,25,479.33,423.62,90.97,274.89,1,-1,-1,-1
109,33,350.22,442.01,90.32,273.07,1,-1,-1,-1
109,37,905.00,513.00,39.00,119.00,1,-1,-1,-1
110,1,1330.62,310.14,200.43,603.37,1,-1,-1,-1
110,17,1550.22,193.94,242.21,728.73,1,-1,-1,-1
110,24,1433.76,74.72,298.17,896.67,1,-1,-1,-1
110,25,479.33,423.74,90.89,274.64,1,-1,-1,-1
110,33,350.73,441.63,90.89,274.76,1,-1,-1,-1
110,37,905.00,513.00,39.00,119.00,1,-1,-1,-1
111,1,1315.40,300.83,207.11,623.46,1,-1,-1,-1
111,17,1550.51,194.20,242.07,728.30,1,-1,-1,-1
111,24,1440.83,71.28,327.53,984.90,1,-1,-1,-1
111,25,479.29,423.77,90.86,274.56,1,-1,-1,-1
111,33,354.40,436.46,95.37,288.29,1,-1,-1,-1
111,40,468.86,390.88,128.96,388.88,1,-1,-1,-1
112,1,1304.08,284.55,200.38,603.20,1,-1,-1,-1
112,17,1541.94,215.63,231.29,695.88,1,-1,-1,-1
112,24,1463.32,67.10,323.95,974.11,1,-1,-1,-1
112,25,475.88,417.78,95.20,287.66,1,-1,-1,-1
112,33,355.75,434.54,97.05,293.34,1,-1,-1,-1
112,40,468.86,390.88,128.96,388.88,1,-1,-1,-1
112,41,1189.69,309.96,133.29,401.66,1,-1,-1,-1
113,1,1299.98,304.45,197.66,595.02,1,-1,-1,-1
113,17,1538.89,223.89,227.12,683.33,1,-1,-1,-1
113,24,1472.21,65.42,322.17,968.75,1,-1,-1,-1
113,25,474.60,415.55,96.81,292.51,1,-1,-1,-1
113,33,356.21,433.85,97.67,295.21,1,-1,-1,-1
113,41,1197.18,313.16,128.66,387.73,1,-1,-1,-1
114,1,1276.51,298.95,205.99,620.07,1,-1,-1,-1
114,17,1537.94,226.86,225.61,678.80,1,-1,-1,-1
114,24,1449.94,101.00,307.37,924.24,1,-1,-1,-1
114,25,474.10,414.71,97.42,294.35,1,-1,-1,-1
114,33,356.33,433.65,97.88,295.81,1,-1,-1,-1
114,41,1206.27,317.06,123.04,370.80,1,-1,-1,-1
115,1,1268.26,281.29,218.88,658.86,1,-1,-1,-1
115,17,1514.34,206.34,235.90,709.74,1,-1,-1,-1
115,24,1445.90,80.95,330.96,995.14,1,-1,-1,-1
115,25,473.89,414.42,97.64,294.99,1,-1,-1,-1
115,33,356.32,433.63,97.92,295.92,1,-1,-1,-1
116,1,1265.02,289.99,214.10,644.47,1,-1,-1,-1
116,17,1505.76,198.77,239.69,721.14,1,-1,-1,-1
116,24,1444.45,73.75,339.44,1020.61,1,-1,-1,-1
116,25,468.39,406.11,102.31,309.09,1,-1,-1,-1
116,33,356.26,433.67,97.91,295.86,1,-1,-1,-1
117,1,1264.20,293.66,212.04,638.25,1,-1,-1,-1
117,17,1502.72,195.87,241.14,725.50,1,-1,-1,-1
117,24,1443.71,70.88,342.64,1030.20,1,-1,-1,-1
117,25,466.32,403.01,104.06,314.35,1,-1,-1,-1
117,33,356.20,433.73,97.87,295.74,1,-1,-1,-1
118,1,1236.37,295.12,211.20,635.72,1,-1,-1,-1
118,17,1501.81,194.81,241.67,727.07,1,-1,-1,-1
118,24,1443.29,69.78,343.72,1033.40,1,-1,-1,-1
118,25,465.54,401.86,104.71,316.30,1,-1,-1,-1
118,33,356.13,433.80,97.83,295.62,1,-1,-1,-1
118,44,1276.42,101.03,282.02,847.95,1,-1,-1,-1
119,1,1226.12,295.72,210.84,634.62,1,-1,-1,-1
119,17,1501.71,194.46,241.83,727.57,1,-1,-1,-1
119,24,1443.02,69.38,343.97,1034.14,1,-1,-1,-1
119,25,465.26,401.48,104.92,316.93,1,-1,-1,-1
119,33,356.07,433.86,97.79,295.49,1,-1,-1,-1
119,44,1261.53,72.99,292.83,880.47,1,-1,-1,-1
120,1,1222.58,295.98,210.67,634.09,1,-1,-1,-1
120,17,1501.88,194.38,241.87,727.67,1,-1,-1,-1
120,24,1442.82,69.26,343.92,1033.96,1,-1,-1,-1
120,25,465.18,401.39,104.97,317.06,1,-1,-1,-1
120,33,359.64,453.42,89.42,270.22,1,-1,-1,-1
120,44,1256.84,64.18,296.23,890.69,1,-1,-1,-1
121,1,1219.89,280.27,220.53,663.75,1,-1,-1,-1
121,17,1497.35,193.21,242.55,729.71,1,-1,-1,-1
121,24,1447.92,97.28,301.69,907.03,1,-1,-1,-1
121,25,465.17,401.41,104.96,317.01,1,-1,-1,-1
121,33,357.21,440.85,94.78,286.37,1,-1,-1,-1
121,44,1255.75,62.13,297.02,893.07,1,-1,-1,-1
122,1,1219.05,274.42,224.20,674.76,1,-1,-1,-1
122,24,1454.60,139.21,271.79,817.18,1,-1,-1,-1
122,25,465.19,401.47,104.93,316.90,1,-1,-1,-1
122,33,352.86,453.57,92.34,279.03,1,-1,-1,-1
122,44,1170.14,10.95,315.39,948.30,1,-1,-1,-1
123,1,1189.58,272.23,225.56,678.84,1,-1,-1,-1
123,24,1451.93,122.56,274.47,825.23,1,-1,-1,-1
123,25,465.21,401.53,104.89,316.78,1,-1,-1,-1
123,33,351.11,446.33,91.37,276.09,1,-1,-1,-1
123,44,1153.07,-0.39,319.51,960.67,1,-1,-1,-1
124,1,1178.49,271.50,226.01,680.18,1,-1,-1,-1
124,24,1455.73,147.01,262.82,790.23,1,-1,-1,-1
124,25,457.42,405.65,109.81,331.60,1,-1,-1,-1
124,33,340.93,438.44,95.38,288.18,1,-1,-1,-1
125,1,1174.59,271.32,226.11,680.48,1,-1,-1,-1
125,24,1457.03,155.89,258.70,777.86,1,-1,-1,-1
125,25,454.51,407.21,111.64,337.12,1,-1,-1,-1
125,33,337.19,435.54,96.85,292.63,1,-1,-1,-1
126,1,1165.28,252.31,236.71,712.35,1,-1,-1,-1
126,24,1457.41,158.81,257.40,773.99,1,-1,-1,-1
126,25,453.42,407.84,112.32,339.14,1,-1,-1,-1
126,33,335.80,434.44,97.41,294.31,1,-1,-1,-1
126,37,905.00,513.00,39.00,119.00,1,-1,-1,-1
127,1,1161.97,245.22,240.66,724.21,1,-1,-1,-1
127,24,1457.46,159.60,257.11,773.12,1,-1,-1,-1
127,25,453.05,408.09,112.54,339.80,1,-1,-1,-1
127,33,337.25,426.76,102.22,308.82,1,-1,-1,-1
127,37,905.00,513.00,39.00,119.00,1,-1,-1,-1
128,1,1169.13,261.42,231.60,696.95,1,-1,-1,-1
128,24,1457.41,159.65,257.16,773.29,1,-1,-1,-1
128,25,442.49,395.58,117.87,355.86,1,-1,-1,-1
128,33,335.93,431.07,99.48,300.55,1,-1,-1,-1
128,37,905.00,513.00,39.00,119.00,1,-1,-1,-1
128,44,1147.72,57.41,320.27,962.95,1,-1,-1,-1
129,1,1164.13,248.78,238.64,718.11,1,-1,-1,-1
129,24,1452.65,129.59,269.80,811.33,1,-1,-1,-1
129,25,448.84,388.72,114.66,346.17,1,-1,-1,-1
129,33,335.48,432.88,98.35,297.11,1,-1,-1,-1
129,37,905.00,513.00,39.00,119.00,1,-1,-1,-1
129,44,1138.35,57.09,322.48,969.59,1,-1,-1,-1
130,1,1149.17,255.51,252.49,759.76,1,-1,-1,-1
130,24,1450.88,118.52,274.49,825.40,1,-1,-1,-1
130,25,451.49,400.97,113.31,342.06,1,-1,-1,-1
130,33,337.29,426.25,102.54,309.77,1,-1,-1,-1
130,37,905.00,513.00,39.00,119.00,1,-1,-1,-1
131,1,1135.70,265.58,236.23,710.82,1,-1,-1,-1
131,24,1413.55,150.86,276.34,830.98,1,-1,-1,-1
131,25,452.53,390.72,112.77,340.41,1,-1,-1,-1
131,33,336.08,431.02,99.54,300.69,1,-1,-1,-1
131,37,905.00,513.00,39.00,119.00,1,-1,-1,-1
132,1,1130.79,269.86,229.36,690.16,1,-1,-1,-1
132,24,1399.32,163.22,277.07,833.17,1,-1,-1,-1
132,25,446.88,397.74,107.57,324.73,1,-1,-1,-1
132,33,335.65,432.98,98.31,296.97,1,-1,-1,-1
132,37,905.00,513.00,39.00,119.00,1,-1,-1,-1
133,1,1129.26,271.46,226.80,682.45,1,-1,-1,-1
133,24,1394.07,167.79,277.35,834.02,1,-1,-1,-1
133,25,444.76,400.50,105.55,318.63,1,-1,-1,-1
133,33,335.52,433.74,97.84,295.54,1,-1,-1,-1
133,37,905.00,513.00,39.00,119.00,1,-1,-1,-1
134,1,1102.59,264.35,248.16,746.69,1,-1,-1,-1
134,24,1379.43,137.89,290.62,873.93,1,-1,-1,-1
134,25,444.03,401.53,104.81,316.41,1,-1,-1,-1
134,33,335.50,434.04,97.65,294.98,1,-1,-1,-1
134,37,905.00,513.00,39.00,119.00,1,-1,-1,-1
135,1,1092.92,261.77,255.92,770.02,1,-1,-1,-1
135,24,1374.07,126.69,295.57,888.79,1,-1,-1,-1
135,25,443.81,401.91,104.55,315.62,1,-1,-1,-1
135,33,335.52,434.16,97.58,294.75,1,-1,-1,-1
135,37,905.00,513.00,39.00,119.00,1,-1,-1,-1
136,1,1089.47,260.78,258.92,779.01,1,-1,-1,-1
136,24,1353.10,86.23,311.37,936.27,1,-1,-1,-1
136,25,443.78,402.06,104.46,315.36,1,-1,-1,-1
136,33,335.55,434.22,97.55,294.66,1,-1,-1,-1
136,37,905.00,513.00,39.00,119.00,1,-1,-1,-1
137,1,1104.00,249.14,248.70,748.25,1,-1,-1,-1
137,24,1364.12,106.44,303.61,912.94,1,-1,-1,-1
137,25,443.81,402.11,104.44,315.29,1,-1,-1,-1
137,33,337.53,426.90,102.18,308.63,1,-1,-1,-1
137,37,905.00,513.00,39.00,119.00,1,-1,-1,-1
138,1,1090.59,263.90,233.79,703.39,1,-1,-1,-1
138,24,1345.13,109.54,287.21,863.64,1,-1,-1,-1
138,25,443.86,402.13,104.44,315.30,1,-1,-1,-1
138,33,338.28,424.18,103.90,313.82,1,-1,-1,-1
138,37,905.00,513.00,39.00,119.00,1,-1,-1,-1
138,44,1331.35,2.71,391.17,1176.02,1,-1,-1,-1
139,1,1085.88,269.57,228.08,686.23,1,-1,-1,-1
139,17,1029.11,66.10,318.16,957.02,1,-1,-1,-1
139,24,1322.44,116.21,294.22,884.71,1,-1,-1,-1
139,25,443.91,402.14,104.45,315.33,1,-1,-1,-1
139,33,339.65,413.42,109.46,330.59,1,-1,-1,-1
139,37,905.00,513.00,39.00,119.00,1,-1,-1,-1
139,44,1341.64,-1.26,396.84,1193.05,1,-1,-1,-1
140,1,1071.67,252.15,236.89,712.73,1,-1,-1,-1
140,17,1004.86,59.52,322.07,968.78,1,-1,-1,-1
140,24,1314.39,118.64,296.74,892.27,1,-1,-1,-1
140,25,443.96,402.14,104.46,315.37,1,-1,-1,-1
140,33,340.17,409.35,111.56,336.91,1,-1,-1,-1
140,37,905.00,513.00,39.00,119.00,1,-1,-1,-1
141,1,1066.65,245.84,240.09,722.35,1,-1,-1,-1
141,17,1017.82,13.80,337.89,1016.23,1,-1,-1,-1
141,24,1311.64,119.60,297.66,895.05,1,-1,-1,-1
141,25,439.52,393.46,114.81,346.59,1,-1,-1,-1
141,33,337.41,424.70,102.93,310.84,1,-1,-1,-1
141,37,905.00,513.00,39.00,119.00,1,-1,-1,-1
142,1,1047.05,254.93,252.71,760.30,1,-1,-1,-1
142,17,996.47,4.17,342.72,1030.77,1,-1,-1,-1
142,24,1288.78,83.54,312.04,938.25,1,-1,-1,-1
142,25,437.90,390.28,118.61,358.02,1,-1,-1,-1
142,33,324.16,413.45,109.19,329.72,1,-1,-1,-1
142,37,905.00,513.00,39.00,119.00,1,-1,-1,-1
143,1,1039.84,224.82,257.45,774.53,1,-1,-1,-1
143,24,1280.39,70.05,317.40,954.36,1,-1,-1,-1
143,25,437.29,389.05,120.09,362.47,1,-1,-1,-1
143,33,319.42,419.15,106.53,321.68,1,-1,-1,-1
143,37,905.00,513.00,39.00,119.00,1,-1,-1,-1
144,1,1013.48,222.75,271.32,816.21,1,-1,-1,-1
144,24,1277.49,64.94,319.40,960.35,1,-1,-1,-1
144,25,437.09,388.61,120.62,364.06,1,-1,-1,-1
144,33,317.63,421.51,105.42,318.32,1,-1,-1,-1
144,37,905.00,513.00,39.00,119.00,1,-1,-1,-1
145,1,1003.62,222.05,276.56,831.95,1,-1,-1,-1
145,24,1276.74,63.17,320.06,962.33,1,-1,-1,-1
145,25,437.05,388.49,120.78,364.53,1,-1,-1,-1
145,33,317.03,422.44,104.98,316.99,1,-1,-1,-1
145,37,905.00,513.00,39.00,119.00,1,-1,-1,-1
146,1,1000.14,221.94,278.49,837.74,1,-1,-1,-1
146,24,1276.78,62.69,320.22,962.78,1,-1,-1,-1
146,25,437.07,388.48,120.80,364.57,1,-1,-1,-1
146,33,316.87,422.81,104.80,316.45,1,-1,-1,-1
146,37,905.00,513.00,39.00,119.00,1,-1,-1,-1
147,1,999.18,222.03,279.11,839.56,1,-1,-1,-1
147,24,1277.09,62.68,320.19,962.68,1,-1,-1,-1
147,25,437.11,388.51,120.77,364.46,1,-1,-1,-1
147,33,316.87,422.97,104.72,316.21,1,-1,-1,-1
147,37,905.00,513.00,39.00,119.00,1,-1,-1,-1
147,51,44.62,291.27,213.49,642.38,1,-1,-1,-1
148,1,962.87,222.19,279.22,839.87,1,-1,-1,-1
148,24,1260.39,99.23,306.05,920.18,1,-1,-1,-1
148,25,437.15,388.56,120.73,364.31,1,-1,-1,-1
148,33,316.93,423.04,104.68,316.09,1,-1,-1,-1
148,37,905.00,513.00,39.00,119.00,1,-1,-1,-1
148,51,47.47,278.24,221.68,667.03,1,-1,-1,-1
149,1,949.27,222.36,279.14,839.62,1,-1,-1,-1
149,24,1254.31,113.50,300.50,903.50,1,-1,-1,-1
149,25,437.20,388.61,120.68,364.15,1,-1,-1,-1
149,33,317.01,423.08,104.66,316.02,1,-1,-1,-1
149,37,905.00,513.00,39.00,119.00,1,-1,-1,-1
149,51,72.59,277.25,202.91,610.57,1,-1,-1,-1
150,1,944.49,222.52,279.01,839.20,1,-1,-1,-1
150,24,1252.33,118.73,298.45,897.34,1,-1,-1,-1
150,25,437.23,388.65,120.63,363.99,1,-1,-1,-1
150,33,317.17,413.23,109.62,330.99,1,-1,-1,-1
150,37,905.00,513.00,39.00,119.00,1,-1,-1,-1
150,51,85.01,260.11,206.96,622.75,1,-1,-1,-1
151,1,943.10,222.67,278.86,838.75,1,-1,-1,-1
151,24,1251.86,120.60,297.71,895.10,1,-1,-1,-1
151,25,440.79,372.82,126.28,381.03,1,-1,-1,-1
151,33,317.24,409.57,111.47,336.54,1,-1,-1,-1
151,37,905.00,513.00,39.00,119.00,1,-1,-1,-1
151,51,112.50,270.63,198.35,596.85,1,-1,-1,-1
152,1,909.22,194.10,291.82,877.68,1,-1,-1,-1
152,24,1226.70,84.39,311.66,937.03,1,-1,-1,-1
152,25,449.01,380.35,117.57,354.74,1,-1,-1,-1
152,33,317.31,408.19,112.16,338.62,1,-1,-1,-1
152,51,149.50,274.65,195.49,588.25,1,-1,-1,-1
153,1,896.72,183.43,296.64,892.15,1,-1,-1,-1
153,24,1217.53,70.97,316.82,952.55,1,-1,-1,-1
153,25,457.87,385.79,119.42,360.31,1,-1,-1,-1
153,33,317.37,407.73,112.40,339.33,1,-1,-1,-1
153,51,198.93,260.43,204.51,615.41,1,-1,-1,-1
154,1,892.33,179.44,298.40,897.42,1,-1,-1,-1
154,24,1214.31,65.85,318.78,958.43,1,-1,-1,-1
154,25,455.59,385.55,114.75,346.24,1,-1,-1,-1
154,33,316.70,406.30,113.15,341.59,1,-1,-1,-1
154,51,206.20,297.09,198.24,596.57,1,-1,-1,-1
155,1,888.32,206.59,285.95,859.97,1,-1,-1,-1
155,24,1213.41,64.03,319.47,960.50,1,-1,-1,-1
155,25,460.16,387.73,118.36,357.13,1,-1,-1,-1
155,51,234.36,284.24,195.97,589.74,1,-1,-1,-1
156,1,890.25,188.35,294.20,884.78,1,-1,-1,-1
156,24,1180.60,66.49,334.73,1006.35,1,-1,-1,-1
156,25,461.79,388.52,119.67,361.07,1,-1,-1,-1
156,51,243.65,279.50,195.24,587.57,1,-1,-1,-1
157,1,888.34,210.22,284.18,854.64,1,-1,-1,-1
157,17,786.68,75.16,393.20,1182.33,1,-1,-1,-1
157,24,1168.44,67.48,340.42,1023.43,1,-1,-1,-1
157,25,462.34,388.84,120.17,362.56,1,-1,-1,-1
157,51,246.16,277.73,195.07,587.06,1,-1,-1,-1
158,1,851.25,189.88,293.42,882.39,1,-1,-1,-1
158,17,771.41,77.39,396.82,1193.21,1,-1,-1,-1
158,24,1154.91,65.00,327.65,985.03,1,-1,-1,-1
158,25,462.49,388.96,120.34,363.08,1,-1,-1,-1
158,44,1093.61,-89.33,452.08,1358.88,1,-1,-1,-1
158,51,272.74,277.08,195.09,587.12,1,-1,-1,-1
159,1,837.84,182.45,296.78,892.48,1,-1,-1,-1
159,24,1159.54,67.22,337.67,1015.16,1,-1,-1,-1
159,25,462.49,389.00,120.40,363.23,1,-1,-1,-1
159,44,1081.95,-93.92,455.15,1368.10,1,-1,-1,-1
159,51,281.85,276.83,195.16,587.37,1,-1,-1,-1
160,1,830.53,188.12,311.99,938.20,1,-1,-1,-1
160,24,1161.40,68.07,341.32,1026.11,1,-1,-1,-1
160,25,462.44,389.02,120.40,363.25,1,-1,-1,-1
160,51,297.70,261.78,204.67,615.96,1,-1,-1,-1
161,1,830.41,210.22,291.08,875.31,1,-1,-1,-1
161,24,1162.47,68.48,342.63,1030.04,1,-1,-1,-1
161,25,478.37,389.02,120.40,363.23,1,-1,-1,-1
161,51,315.94,270.90,198.97,598.85,1,-1,-1,-1
162,1,831.23,219.34,282.37,849.12,1,-1,-1,-1
162,24,1163.17,68.70,343.04,1031.24,1,-1,-1,-1
162,25,481.06,389.04,120.65,363.98,1,-1,-1,-1
162,51,337.15,259.62,206.16,620.48,1,-1,-1,-1
163,1,786.55,202.00,306.84,922.69,1,-1,-1,-1
163,24,1154.42,65.83,328.06,986.23,1,-1,-1,-1
163,25,495.45,404.02,114.11,344.26,1,-1,-1,-1
163,51,364.00,282.15,190.97,574.79,1,-1,-1,-1
164,1,770.57,195.80,315.60,948.99,1,-1,-1,-1
164,24,1118.50,21.99,353.95,1064.01,1,-1,-1,-1
164,25,498.96,407.45,112.62,339.79,1,-1,-1,-1
164,51,373.24,291.18,184.97,556.73,1,-1,-1,-1
165,1,764.80,193.38,318.96,959.09,1,-1,-1,-1
165,24,1105.66,6.32,363.20,1091.82,1,-1,-1,-1
165,25,502.83,409.24,112.05,338.07,1,-1,-1,-1
165,51,375.90,294.37,182.87,550.45,1,-1,-1,-1
166,1,763.10,192.51,320.14,962.61,1,-1,-1,-1
166,24,1097.54,44.74,350.83,1054.61,1,-1,-1,-1
166,51,400.98,295.47,182.18,548.39,1,-1,-1,-1
167,1,721.15,192.24,320.47,963.58,1,-1,-1,-1
167,24,1094.90,60.33,345.72,1039.24,1,-1,-1,-1
167,51,353.06,356.04,166.11,500.04,1,-1,-1,-1
167,53,120.43,523.50,73.64,222.93,1,-1,-1,-1
168,1,713.73,183.79,306.48,921.53,1,-1,-1,-1
168,24,1049.05,20.83,360.01,1082.19,1,-1,-1,-1
168,51,349.56,374.22,168.09,506.02,1,-1,-1,-1
168,53,124.94,528.68,69.86,211.48,1,-1,-1,-1
169,1,711.66,180.60,300.92,904.81,1,-1,-1,-1
169,24,1032.08,50.77,349.30,1050.01,1,-1,-1,-1
169,51,357.16,384.44,165.21,497.36,1,-1,-1,-1
169,53,126.51,530.49,68.54,207.50,1,-1,-1,-1
169,54,470.76,295.07,182.79,550.38,1,-1,-1,-1
170,1,691.00,151.58,328.34,987.21,1,-1,-1,-1
170,24,1026.14,62.84,344.92,1036.82,1,-1,-1,-1
170,54,479.75,295.07,182.79,550.38,1,-1,-1,-1
170,55,1375.65,451.46,72.51,219.62,1,-1,-1,-1
171,1,639.67,141.08,338.26,1017.01,1,-1,-1,-1
171,24,1024.40,67.39,343.24,1031.75,1,-1,-1,-1
171,53,126.59,530.58,68.47,207.29,1,-1,-1,-1
171,54,478.19,281.58,192.49,579.57,1,-1,-1,-1
171,55,1374.28,448.55,73.73,223.33,1,-1,-1,-1
172,1,619.73,137.13,342.08,1028.47,1,-1,-1,-1
172,24,1024.21,69.08,342.58,1029.77,1,-1,-1,-1
172,53,126.69,530.69,68.39,207.04,1,-1,-1,-1
172,54,506.54,289.85,186.54,561.67,1,-1,-1,-1
172,55,1375.82,447.91,77.88,235.89,1,-1,-1,-1
173,1,612.64,135.82,343.41,1032.44,1,-1,-1,-1
173,24,969.40,24.29,376.00,1130.22,1,-1,-1,-1
173,53,126.71,530.71,68.37,207.00,1,-1,-1,-1
173,54,516.35,303.45,175.52,528.48,1,-1,-1,-1
173,55,1376.41,447.81,79.27,240.09,1,-1,-1,-1
174,1,610.57,135.53,343.77,1033.51,1,-1,-1,-1
174,24,949.36,7.89,388.25,1167.01,1,-1,-1,-1
174,53,122.66,526.06,71.77,217.28,1,-1,-1,-1
174,54,527.93,305.16,174.06,524.09,1,-1,-1,-1
174,55,1377.72,452.59,69.54,210.62,1,-1,-1,-1
175,1,565.57,135.61,343.77,1033.49,1,-1,-1,-1
175,24,941.98,1.48,393.00,1181.25,1,-1,-1,-1
175,53,125.10,528.86,69.72,211.10,1,-1,-1,-1
175,55,1386.05,449.64,72.45,219.41,1,-1,-1,-1
175,56,1343.65,551.81,44.29,134.85,1,-1,-1,-1
176,1,548.93,135.82,343.65,1033.10,1,-1,-1,-1
176,24,939.72,-0.81,394.67,1186.24,1,-1,-1,-1
176,53,126.04,529.94,68.93,208.70,1,-1,-1,-1
176,55,1389.18,435.74,80.82,244.76,1,-1,-1,-1
176,56,1342.94,552.23,44.78,136.33,1,-1,-1,-1
176,57,364.91,390.48,129.07,389.35,1,-1,-1,-1
177,1,543.27,136.06,343.48,1032.60,1,-1,-1,-1
177,24,946.02,-1.49,378.00,1136.15,1,-1,-1,-1
177,37,905.00,513.00,39.00,119.00,1,-1,-1,-1
177,53,126.38,530.33,68.65,207.85,1,-1,-1,-1
177,55,1390.31,430.68,83.89,254.01,1,-1,-1,-1
177,56,1335.84,547.43,57.62,175.38,1,-1,-1,-1
177,57,384.44,389.76,129.35,390.19,1,-1,-1,-1
177,58,1557.40,375.50,97.43,294.15,1,-1,-1,-1
178,1,541.78,136.29,343.32,1032.10,1,-1,-1,-1
178,24,900.37,-1.47,371.28,1115.92,1,-1,-1,-1
178,37,905.00,513.00,39.00,119.00,1,-1,-1,-1
178,53,126.49,530.45,68.55,207.58,1,-1,-1,-1
178,55,1392.61,441.32,81.34,246.29,1,-1,-1,-1
178,56,1333.43,546.45,61.40,186.90,1,-1,-1,-1
178,57,390.91,389.77,129.35,390.18,1,-1,-1,-1
178,58,1557.84,375.95,97.22,293.53,1,-1,-1,-1
179,1,491.91,98.11,376.64,1132.22,1,-1,-1,-1
179,24,883.86,-1.30,368.70,1108.18,1,-1,-1,-1
179,37,905.00,513.00,39.00,119.00,1,-1,-1,-1
179,53,126.51,530.48,68.53,207.51,1,-1,-1,-1
179,55,1393.43,445.78,80.21,242.86,1,-1,-1,-1
179,57,392.89,390.02,135.89,409.89,1,-1,-1,-1
179,58,1557.83,375.93,97.23,293.55,1,-1,-1,-1
180,1,478.20,121.06,356.65,1072.13,1,-1,-1,-1
180,24,878.23,-1.08,367.68,1105.12,1,-1,-1,-1
180,37,905.00,513.00,39.00,119.00,1,-1,-1,-1
180,53,126.51,530.47,68.53,207.52,1,-1,-1,-1
180,55,1393.67,447.53,79.74,241.41,1,-1,-1,-1
180,57,393.39,390.16,138.14,416.66,1,-1,-1,-1
180,58,1557.73,375.84,97.27,293.69,1,-1,-1,-1
181,1,416.85,144.64,381.69,1147.36,1,-1,-1,-1
181,24,876.69,-0.86,367.26,1103.84,1,-1,-1,-1
181,53,126.50,530.46,68.54,207.56,1,-1,-1,-1
181,55,1401.17,448.14,76.01,230.11,1,-1,-1,-1
181,56,1348.47,551.20,48.66,148.11,1,-1,-1,-1
181,57,397.97,388.84,140.27,423.08,1,-1,-1,-1
181,58,1574.80,383.97,92.70,279.90,1,-1,-1,-1
182,1,394.70,102.75,390.75,1174.55,1,-1,-1,-1
182,17,684.87,308.42,172.86,520.05,1,-1,-1,-1
182,24,876.64,-0.65,367.06,1103.26,1,-1,-1,-1
182,53,126.48,530.44,68.55,207.60,1,-1,-1,-1
182,55,1394.36,435.51,81.95,248.07,1,-1,-1,-1
182,56,1351.14,552.09,46.03,140.12,1,-1,-1,-1
182,58,1577.51,378.53,95.73,289.07,1,-1,-1,-1
183,1,372.02,97.69,396.41,1191.55,1,-1,-1,-1
183,17,697.99,296.86,181.37,545.79,1,-1,-1,-1
183,24,828.50,-0.45,366.96,1102.95,1,-1,-1,-1
183,53,126.69,530.68,68.37,207.06,1,-1,-1,-1
183,55,1392.91,447.90,70.77,214.26,1,-1,-1,-1
183,56,1351.79,552.30,45.46,138.39,1,-1,-1,-1
183,58,1578.35,376.63,96.79,292.27,1,-1,-1,-1
184,17,715.40,308.20,171.49,516.13,1,-1,-1,-1
184,24,810.80,-0.28,366.90,1102.77,1,-1,-1,-1
184,55,1401.07,448.42,72.67,220.00,1,-1,-1,-1
184,56,1358.30,552.37,45.25,137.74,1,-1,-1,-1
184,58,1578.48,375.88,97.20,293.52,1,-1,-1,-1
185,1,266.90,85.82,418.79,1258.76,1,-1,-1,-1
185,17,721.19,311.24,168.95,508.56,1,-1,-1,-1
185,24,804.71,-0.13,366.86,1102.63,1,-1,-1,-1
185,55,1403.78,448.60,73.30,221.90,1,-1,-1,-1
185,56,1359.72,552.41,45.58,138.75,1,-1,-1,-1
185,58,1578.38,375.58,97.36,294.01,1,-1,-1,-1
186,1,238.96,80.60,425.42,1278.69,1,-1,-1,-1
186,17,734.41,320.20,160.03,481.76,1,-1,-1,-1
186,24,790.02,-1.93,367.29,1103.94,1,-1,-1,-1
186,55,1397.24,448.77,77.06,233.29,1,-1,-1,-1
186,56,1360.40,552.53,47.74,145.33,1,-1,-1,-1
186,58,1591.41,375.46,97.43,294.21,1,-1,-1,-1
187,17,752.07,314.28,166.01,499.81,1,-1,-1,-1
187,55,1402.11,448.75,75.01,227.07,1,-1,-1,-1
187,56,1360.71,552.56,48.25,146.86,1,-1,-1,-1
187,58,1588.38,352.14,107.17,323.62,1,-1,-1,-1
188,1,162.75,78.17,400.62,1204.13,1,-1,-1,-1
188,17,762.28,318.36,162.17,488.26,1,-1,-1,-1
188,55,1403.98,448.75,74.17,224.52,1,-1,-1,-1
188,56,1360.78,552.57,48.42,147.37,1,-1,-1,-1
188,58,1594.73,365.97,101.40,306.20,1,-1,-1,-1
188,62,53.59,239.65,148.42,447.40,1,-1,-1,-1
189,1,150.81,77.91,396.30,1191.11,1,-1,-1,-1
189,55,1404.63,448.76,73.85,223.55,1,-1,-1,-1
189,56,1361.35,552.46,46.31,140.96,1,-1,-1,-1
189,58,1599.36,379.71,94.54,285.50,1,-1,-1,-1
189,62,63.01,237.46,150.25,452.92,1,-1,-1,-1
190,1,146.64,77.78,394.93,1186.97,1,-1,-1,-1
190,55,1404.83,448.77,73.72,223.18,1,-1,-1,-1
190,56,1367.62,552.42,45.47,138.40,1,-1,-1,-1
190,58,1600.90,384.88,91.96,277.73,1,-1,-1,-1
191,1,132.45,116.46,360.69,1084.06,1,-1,-1,-1
191,51,502.42,391.50,138.34,416.61,1,-1,-1,-1
191,55,1407.99,448.88,77.20,233.69,1,-1,-1,-1
191,56,1369.76,545.91,47.34,144.08,1,-1,-1,-1
191,58,1601.34,386.70,91.05,275.01,1,-1,-1,-1
192,1,88.79,91.66,382.18,1148.66,1,-1,-1,-1
192,51,499.95,391.30,131.98,397.54,1,-1,-1,-1
192,55,1409.13,448.92,78.49,237.58,1,-1,-1,-1
192,56,1370.51,543.54,48.02,146.14,1,-1,-1,-1
192,58,1610.05,392.99,86.63,261.68,1,-1,-1,-1
193,1,70.28,79.71,372.33,1119.04,1,-1,-1,-1
193,51,503.49,391.26,135.69,408.77,1,-1,-1,-1
193,55,1409.52,448.94,78.98,239.04,1,-1,-1,-1
193,56,1377.22,542.66,48.27,146.90,1,-1,-1,-1
193,58,1613.13,395.26,85.02,256.83,1,-1,-1,-1
194,1,44.71,76.42,372.05,1118.19,1,-1,-1,-1
194,51,504.64,391.24,137.07,412.97,1,-1,-1,-1
194,55,1409.61,448.95,79.15,239.54,1,-1,-1,-1
194,56,1375.40,540.16,50.65,154.12,1,-1,-1,-1
194,58,1614.11,396.01,84.48,255.23,1,-1,-1,-1
195,24,641.51,62.35,320.72,964.00,1,-1,-1,-1
195,51,517.01,391.12,131.48,396.19,1,-1,-1,-1
195,55,1409.60,448.96,79.19,239.68,1,-1,-1,-1
195,56,1378.92,541.40,49.29,149.96,1,-1,-1,-1
195,58,1618.05,390.50,88.45,267.23,1,-1,-1,-1
196,24,625.66,66.29,317.55,954.49,1,-1,-1,-1
196,51,513.21,369.74,142.39,429.05,1,-1,-1,-1
196,55,1408.39,436.29,82.94,251.00,1,-1,-1,-1
196,56,1380.83,540.53,49.65,151.05,1,-1,-1,-1
196,58,1619.41,388.48,89.91,271.64,1,-1,-1,-1
197,51,519.77,382.60,133.79,403.18,1,-1,-1,-1
197,55,1407.91,431.55,84.34,255.21,1,-1,-1,-1
197,58,1627.50,393.23,86.46,261.22,1,-1,-1,-1
198,51,522.06,387.99,130.30,392.70,1,-1,-1,-1
198,55,1407.69,429.75,84.86,256.76,1,-1,-1,-1
198,58,1622.57,389.35,89.25,269.67,1,-1,-1,-1
199,51,526.66,388.05,129.15,389.22,1,-1,-1,-1
199,55,1419.17,441.70,81.31,246.03,1,-1,-1,-1
199,58,1639.66,382.21,86.25,260.61,1,-1,-1,-1
200,55,1423.60,446.43,79.89,241.73,1,-1,-1,-1
200,58,1638.63,377.42,93.59,282.79,1,-1,-1,-1
200,69,266.12,220.16,228.88,688.56,1,-1,-1,-1
200,70,929.21,322.02,158.67,477.64,1,-1,-1,-1
201,55,1424.73,435.38,83.14,251.55,1,-1,-1,-1
201,58,1646.59,381.98,84.39,255.02,1,-1,-1,-1
201,69,235.02,181.60,265.88,799.84,1,-1,-1,-1
201,70,927.83,330.95,149.17,449.07,1,-1,-1,-1
202,55,1425.11,431.32,84.34,255.14,1,-1,-1,-1
202,58,1649.52,394.87,80.56,243.46,1,-1,-1,-1
202,69,215.49,198.14,264.18,794.72,1,-1,-1,-1
202,70,929.09,325.91,155.24,467.38,1,-1,-1,-1
203,55,1425.62,442.38,81.06,245.22,1,-1,-1,-1
203,56,1406.35,551.48,45.33,137.93,1,-1,-1,-1
203,58,1656.86,402.10,72.22,218.31,1,-1,-1,-1
203,69,210.44,237.16,228.48,687.33,1,-1,-1,-1
203,70,949.26,330.33,149.42,449.86,1,-1,-1,-1
204,55,1436.40,446.77,79.75,241.26,1,-1,-1,-1
204,56,1413.79,550.46,49.93,151.89,1,-1,-1,-1
204,58,1651.38,397.98,80.46,243.22,1,-1,-1,-1
204,69,228.12,268.28,204.10,614.01,1,-1,-1,-1
204,70,970.34,335.62,140.40,422.75,1,-1,-1,-1
205,55,1440.32,448.39,79.26,239.78,1,-1,-1,-1
205,56,1417.11,550.74,50.26,152.91,1,-1,-1,-1
205,58,1656.79,402.33,75.90,229.49,1,-1,-1,-1
205,69,234.15,277.74,196.48,591.11,1,-1,-1,-1
205,70,984.49,332.79,144.81,436.04,1,-1,-1,-1
206,55,1441.69,448.98,79.07,239.22,1,-1,-1,-1
206,58,1658.72,403.99,74.10,224.05,1,-1,-1,-1
206,69,233.11,289.34,189.73,570.80,1,-1,-1,-1
206,70,1009.54,331.77,146.32,440.61,1,-1,-1,-1
207,55,1442.10,449.18,79.01,239.02,1,-1,-1,-1
207,58,1669.04,405.13,70.12,212.05,1,-1,-1,-1
207,70,1018.13,331.21,147.00,442.69,1,-1,-1,-1
208,51,655.57,330.95,147.52,444.58,1,-1,-1,-1
208,55,1442.50,447.81,82.76,250.37,1,-1,-1,-1
208,58,1673.01,404.86,72.12,218.13,1,-1,-1,-1
208,70,1020.71,330.87,147.35,443.75,1,-1,-1,-1
209,17,928.68,430.89,112.30,338.30,1,-1,-1,-1
209,51,641.76,347.69,148.35,447.08,1,-1,-1,-1
209,55,1442.60,447.30,84.16,254.58,1,-1,-1,-1
209,58,1674.71,393.33,84.27,254.87,1,-1,-1,-1
209,70,1041.30,330.63,147.54,444.36,1,-1,-1,-1
210,17,931.51,432.78,111.41,335.77,1,-1,-1,-1
210,51,655.36,354.34,148.64,447.95,1,-1,-1,-1
210,55,1442.55,435.89,84.69,256.17,1,-1,-1,-1
210,58,1678.46,392.95,84.93,256.86,1,-1,-1,-1
210,70,1057.58,334.38,140.98,424.63,1,-1,-1,-1
211,17,938.95,437.70,109.16,328.97,1,-1,-1,-1
211,51,667.89,359.50,142.23,428.66,1,-1,-1,-1
211,55,1442.45,431.49,84.87,256.72,1,-1,-1,-1
211,58,1675.64,388.32,89.56,270.84,1,-1,-1,-1
211,70,1062.99,335.68,138.59,417.46,1,-1,-1,-1
212,17,938.66,401.43,124.51,375.27,1,-1,-1,-1
212,51,677.03,380.01,133.53,402.45,1,-1,-1,-1
212,55,1442.35,429.86,84.93,256.88,1,-1,-1,-1
212,58,1680.22,385.88,83.03,251.10,1,-1,-1,-1
212,70,1075.53,332.10,144.55,435.42,1,-1,-1,-1
213,17,946.21,393.31,121.76,367.03,1,-1,-1,-1
213,51,698.54,386.47,124.40,374.97,1,-1,-1,-1
213,55,1442.26,429.28,84.93,256.89,1,-1,-1,-1
213,58,1682.15,391.97,84.28,254.88,1,-1,-1,-1
213,70,1079.81,330.78,146.72,441.97,1,-1,-1,-1
213,72,905.00,513.00,39.00,119.00,1,-1,-1,-1
213,73,1584.89,420.65,77.85,235.53,1,-1,-1,-1
214,17,959.38,391.36,126.43,381.15,1,-1,-1,-1
214,51,704.89,390.04,127.04,382.96,1,-1,-1,-1
214,55,1449.75,425.18,88.94,268.98,1,-1,-1,-1
214,58,1682.80,394.14,84.73,256.22,1,-1,-1,-1
214,69,434.92,197.31,240.19,722.63,1,-1,-1,-1
214,70,1080.94,330.23,147.58,444.59,1,-1,-1,-1
214,72,905.00,513.00,39.00,119.00,1,-1,-1,-1
214,73,1585.76,417.23,78.93,238.78,1,-1,-1,-1
214,74,540.52,249.39,213.00,640.77,1,-1,-1,-1
215,17,964.09,390.66,128.16,386.36,1,-1,-1,-1
215,51,716.82,370.22,140.80,424.41,1,-1,-1,-1
215,55,1455.08,440.01,82.80,250.42,1,-1,-1,-1
215,58,1687.11,400.66,77.65,234.84,1,-1,-1,-1
215,69,452.71,192.35,242.80,730.48,1,-1,-1,-1
215,70,1088.52,333.85,141.34,425.82,1,-1,-1,-1
215,72,905.00,513.00,39.00,119.00,1,-1,-1,-1
215,73,1588.11,414.27,79.85,241.59,1,-1,-1,-1
215,74,553.78,256.41,209.12,629.12,1,-1,-1,-1
216,17,965.62,390.44,128.81,388.35,1,-1,-1,-1
216,51,740.22,362.97,145.83,439.56,1,-1,-1,-1
216,55,1457.29,440.08,82.85,250.59,1,-1,-1,-1
216,58,1694.80,401.11,78.47,237.33,1,-1,-1,-1
216,69,444.22,252.31,209.58,630.57,1,-1,-1,-1
216,70,1103.21,331.24,145.69,438.93,1,-1,-1,-1
216,72,905.00,513.00,39.00,119.00,1,-1,-1,-1
216,74,588.36,257.75,208.37,626.87,1,-1,-1,-1
217,17,972.10,389.46,129.17,389.43,1,-1,-1,-1
217,51,752.18,361.55,147.02,443.16,1,-1,-1,-1
217,55,1468.80,427.24,89.14,269.56,1,-1,-1,-1
217,58,1697.45,401.26,78.76,238.22,1,-1,-1,-1
217,69,455.57,234.83,220.49,663.41,1,-1,-1,-1
217,70,1114.63,334.14,140.71,423.94,1,-1,-1,-1
217,72,905.00,513.00,39.00,119.00,1,-1,-1,-1
217,73,1600.21,416.16,79.26,239.79,1,-1,-1,-1
217,74,629.04,257.63,208.42,627.03,1,-1,-1,-1
218,55,1471.99,425.95,89.85,271.72,1,-1,-1,-1
218,58,1698.31,401.29,78.88,238.58,1,-1,-1,-1
218,69,472.80,261.34,205.03,616.92,1,-1,-1,-1
218,70,1112.02,331.29,145.50,438.37,1,-1,-1,-1
218,72,905.00,513.00,39.00,119.00,1,-1,-1,-1
218,73,1601.82,416.33,79.21,239.64,1,-1,-1,-1
218,74,641.48,257.20,208.65,627.73,1,-1,-1,-1
219,55,1473.49,443.46,81.65,246.93,1,-1,-1,-1
219,58,1698.50,401.28,78.93,238.73,1,-1,-1,-1
219,69,506.57,271.03,181.72,546.86,1,-1,-1,-1
219,70,1130.53,330.24,147.24,443.64,1,-1,-1,-1
219,72,905.00,513.00,39.00,119.00,1,-1,-1,-1
219,73,1610.72,417.76,75.56,228.59,1,-1,-1,-1
219,74,644.47,256.76,208.88,628.45,1,-1,-1,-1
220,55,1472.90,429.86,88.01,266.14,1,-1,-1,-1
220,58,1699.59,397.55,82.73,250.22,1,-1,-1,-1
220,69,516.34,284.05,165.13,497.00,1,-1,-1,-1
220,70,1137.25,329.82,147.92,445.69,1,-1,-1,-1
220,72,905.00,513.00,39.00,119.00,1,-1,-1,-1
220,73,1613.54,413.91,81.79,247.43,1,-1,-1,-1
220,74,669.38,271.79,199.39,599.92,1,-1,-1,-1
221,55,1475.71,429.41,86.08,260.32,1,-1,-1,-1
221,58,1695.53,390.67,88.11,266.48,1,-1,-1,-1
221,69,541.37,288.45,159.55,480.25,1,-1,-1,-1
221,70,1144.41,333.51,141.62,426.71,1,-1,-1,-1
221,72,905.00,513.00,39.00,119.00,1,-1,-1,-1
221,73,1617.19,415.49,80.22,242.69,1,-1,-1,-1
221,74,677.16,277.05,196.05,589.88,1,-1,-1,-1
222,55,1476.67,429.29,85.29,257.91,1,-1,-1,-1
222,58,1698.25,393.44,86.26,260.87,1,-1,-1,-1
222,69,528.99,294.05,174.23,524.45,1,-1,-1,-1
222,70,1165.31,334.91,139.20,419.44,1,-1,-1,-1
222,72,905.00,513.00,39.00,119.00,1,-1,-1,-1
222,73,1618.37,416.20,79.55,240.66,1,-1,-1,-1
222,74,683.07,263.26,204.69,615.88,1,-1,-1,-1
223,55,1473.96,425.31,89.03,269.20,1,-1,-1,-1
223,58,1700.22,393.05,86.87,262.71,1,-1,-1,-1
223,69,542.37,297.67,172.36,518.80,1,-1,-1,-1
223,70,1168.88,331.48,145.00,436.93,1,-1,-1,-1
223,73,1621.97,415.49,79.84,241.55,1,-1,-1,-1
223,74,707.11,273.22,198.41,597.01,1,-1,-1,-1
223,75,240.30,283.29,217.98,655.88,1,-1,-1,-1
224,17,1062.32,450.57,99.30,299.48,1,-1,-1,-1
224,55,1475.82,427.75,86.44,261.38,1,-1,-1,-1
224,70,1173.64,334.05,140.61,423.70,1,-1,-1,-1
224,74,715.21,276.86,196.09,590.07,1,-1,-1,-1
224,75,162.56,312.83,222.40,669.18,1,-1,-1,-1
225,17,1066.27,419.07,108.72,327.91,1,-1,-1,-1
225,55,1477.71,426.93,86.67,262.08,1,-1,-1,-1
225,70,1174.92,335.04,138.90,418.56,1,-1,-1,-1
225,74,734.99,265.56,186.45,561.09,1,-1,-1,-1
225,75,231.45,279.08,248.58,747.95,1,-1,-1,-1
226,17,1068.17,411.92,110.77,334.12,1,-1,-1,-1
226,58,1712.15,399.88,80.21,242.58,1,-1,-1,-1
226,70,1187.25,355.06,126.30,380.64,1,-1,-1,-1
226,73,1661.43,416.60,79.19,239.58,1,-1,-1,-1
226,74,754.61,272.86,174.59,525.43,1,-1,-1,-1
226,75,293.06,275.55,234.54,705.70,1,-1,-1,-1
227,17,1076.37,410.95,110.40,333.02,1,-1,-1,-1
227,58,1715.47,396.81,83.37,252.13,1,-1,-1,-1
227,70,1198.01,342.26,133.96,403.74,1,-1,-1,-1
227,73,1665.90,416.76,79.10,239.31,1,-1,-1,-1
227,74,756.59,276.36,188.13,566.18,1,-1,-1,-1
227,75,316.52,273.86,228.41,687.27,1,-1,-1,-1
228,58,1725.26,399.55,80.58,243.69,1,-1,-1,-1
228,70,1200.16,357.42,130.43,393.10,1,-1,-1,-1
228,73,1672.71,418.14,75.53,228.52,1,-1,-1,-1
228,74,772.71,265.41,184.03,553.87,1,-1,-1,-1
228,75,355.28,273.21,226.22,680.68,1,-1,-1,-1
229,56,1483.23,544.15,55.51,168.77,1,-1,-1,-1
229,58,1728.65,399.83,80.45,243.31,1,-1,-1,-1
229,70,1217.91,363.27,129.10,389.12,1,-1,-1,-1
229,73,1680.37,417.33,77.77,235.30,1,-1,-1,-1
229,74,788.79,273.37,191.39,576.03,1,-1,-1,-1
229,75,368.15,272.94,225.45,678.35,1,-1,-1,-1
230,55,1489.54,423.66,90.64,274.05,1,-1,-1,-1
230,56,1488.38,548.11,52.94,160.94,1,-1,-1,-1
230,70,1224.12,365.33,128.65,387.78,1,-1,-1,-1
230,73,1683.00,417.04,78.58,237.74,1,-1,-1,-1
230,74,817.42,275.31,177.37,533.87,1,-1,-1,-1
230,75,389.49,253.10,236.19,710.66,1,-1,-1,-1
230,78,655.73,291.04,185.73,559.10,1,-1,-1,-1
231,17,1130.85,475.29,86.81,261.96,1,-1,-1,-1
231,55,1482.65,417.29,95.40,288.40,1,-1,-1,-1
231,56,1493.44,545.39,54.68,166.17,1,-1,-1,-1
231,69,672.24,290.12,159.06,478.84,1,-1,-1,-1
231,70,1236.21,365.90,122.74,369.98,1,-1,-1,-1
231,73,1684.08,414.01,82.65,250.03,1,-1,-1,-1
231,74,830.36,276.90,189.32,569.85,1,-1,-1,-1
231,75,409.42,265.09,229.38,690.18,1,-1,-1,-1
231,78,665.81,296.93,181.50,546.35,1,-1,-1,-1
232,17,1141.20,481.08,84.26,254.25,1,-1,-1,-1
232,51,1128.86,407.11,113.16,341.17,1,-1,-1,-1
232,55,1483.89,416.01,96.28,291.07,1,-1,-1,-1
232,56,1495.18,544.42,55.30,168.03,1,-1,-1,-1
232,58,1746.61,403.69,74.40,225.03,1,-1,-1,-1
232,69,670.13,293.80,175.11,527.17,1,-1,-1,-1
232,70,1247.61,366.04,126.46,381.21,1,-1,-1,-1
232,73,1694.38,415.76,80.48,243.47,1,-1,-1,-1
232,74,834.85,277.45,193.43,582.23,1,-1,-1,-1
232,75,415.77,269.91,226.66,681.99,1,-1,-1,-1
232,79,296.65,295.89,210.55,633.95,1,-1,-1,-1
233,51,1145.21,429.09,100.55,303.26,1,-1,-1,-1
233,55,1495.08,414.68,97.36,294.30,1,-1,-1,-1
233,56,1495.70,544.07,55.53,168.72,1,-1,-1,-1
233,58,1754.46,404.75,70.17,212.28,1,-1,-1,-1
233,69,670.07,295.00,180.11,542.23,1,-1,-1,-1
233,70,1251.50,366.04,127.80,385.27,1,-1,-1,-1
233,73,1702.04,417.81,76.06,230.11,1,-1,-1,-1
233,74,855.57,276.66,178.39,536.97,1,-1,-1,-1
233,75,478.04,271.70,225.65,678.96,1,-1,-1,-1
233,79,345.86,276.91,222.64,670.35,1,-1,-1,-1
234,51,1154.56,468.33,88.33,266.52,1,-1,-1,-1
234,55,1497.84,414.23,97.71,295.32,1,-1,-1,-1
234,56,1502.55,537.62,58.28,177.04,1,-1,-1,-1
234,58,1761.48,404.47,72.25,218.60,1,-1,-1,-1
234,69,685.20,304.90,174.11,524.20,1,-1,-1,-1
234,70,1256.57,346.36,134.49,405.45,1,-1,-1,-1
234,73,1704.61,418.60,74.37,225.02,1,-1,-1,-1
234,74,868.94,250.33,189.81,571.37,1,-1,-1,-1
234,75,500.28,272.36,225.29,677.87,1,-1,-1,-1
234,79,375.28,287.64,215.93,650.12,1,-1,-1,-1
235,17,1143.25,408.85,102.65,309.78,1,-1,-1,-1
235,51,1174.40,479.28,83.69,252.52,1,-1,-1,-1
235,55,1500.06,413.03,98.55,297.87,1,-1,-1,-1
235,56,1508.85,538.37,54.25,164.79,1,-1,-1,-1
235,58,1763.85,404.38,72.97,220.80,1,-1,-1,-1
235,69,690.46,308.73,171.71,517.00,1,-1,-1,-1
235,70,1254.35,341.34,130.96,394.82,1,-1,-1,-1
235,73,1712.14,417.54,77.34,234.00,1,-1,-1,-1
235,74,883.68,254.89,185.18,557.43,1,-1,-1,-1
235,75,513.49,288.63,215.09,647.19,1,-1,-1,-1
235,79,384.93,292.42,212.88,640.92,1,-1,-1,-1
236,17,1150.22,404.18,103.14,311.26,1,-1,-1,-1
236,56,1512.43,537.48,54.26,164.84,1,-1,-1,-1
236,58,1756.24,387.14,80.61,243.87,1,-1,-1,-1
236,69,702.01,310.90,171.41,516.09,1,-1,-1,-1
236,70,1256.98,336.99,135.74,409.21,1,-1,-1,-1
236,73,1714.76,417.16,78.42,237.27,1,-1,-1,-1
236,74,891.57,254.15,201.52,606.62,1,-1,-1,-1
236,75,545.73,294.76,211.25,635.64,1,-1,-1,-1
236,79,416.82,294.34,211.64,637.17,1,-1,-1,-1
237,17,1155.52,388.96,110.12,332.31,1,-1,-1,-1
237,58,1753.44,380.83,83.40,252.32,1,-1,-1,-1
237,70,1270.83,337.76,131.44,396.25,1,-1,-1,-1
237,73,1720.35,417.04,78.54,237.63,1,-1,-1,-1
237,74,897.56,267.36,182.10,548.18,1,-1,-1,-1
237,75,556.53,296.89,209.92,631.64,1,-1,-1,-1
237,79,435.08,308.62,201.42,606.41,1,-1,-1,-1
238,17,1162.23,395.58,106.90,322.63,1,-1,-1,-1
238,55,1547.23,458.10,81.80,247.26,1,-1,-1,-1
238,58,1738.52,403.40,80.82,244.51,1,-1,-1,-1
238,69,734.47,298.16,180.96,544.85,1,-1,-1,-1
238,70,1275.86,338.14,129.74,391.15,1,-1,-1,-1
238,74,898.65,272.94,173.94,523.64,1,-1,-1,-1
238,75,559.58,297.56,209.49,630.38,1,-1,-1,-1
238,79,440.58,314.01,197.56,594.76,1,-1,-1,-1
239,17,1178.15,406.61,100.98,304.80,1,-1,-1,-1
239,55,1553.03,461.19,80.94,244.66,1,-1,-1,-1
239,58,1732.46,412.49,79.76,241.28,1,-1,-1,-1
239,69,746.96,298.61,181.68,547.01,1,-1,-1,-1
239,70,1285.22,355.53,123.35,371.91,1,-1,-1,-1
239,74,898.58,274.90,171.08,515.04,1,-1,-1,-1
239,75,559.84,297.71,209.40,630.12,1,-1,-1,-1
239,79,441.76,315.90,196.20,590.68,1,-1,-1,-1
240,17,1184.13,416.75,103.42,312.17,1,-1,-1,-1
240,55,1552.27,530.30,59.96,181.36,1,-1,-1,-1
240,58,1730.18,415.87,79.34,240.04,1,-1,-1,-1
240,69,783.12,307.34,173.14,521.32,1,-1,-1,-1
240,70,1288.37,362.13,120.96,364.72,1,-1,-1,-1
240,74,898.16,275.57,170.10,512.13,1,-1,-1,-1
240,75,587.19,310.75,200.02,601.90,1,-1,-1,-1
240,79,468.27,316.52,195.75,589.31,1,-1,-1,-1
241,17,1186.16,420.44,104.29,314.81,1,-1,-1,-1
241,55,1553.98,535.97,59.11,178.86,1,-1,-1,-1
241,58,1729.94,417.27,79.53,240.60,1,-1,-1,-1
241,69,792.36,309.33,171.28,515.75,1,-1,-1,-1
241,70,1289.25,364.47,120.13,362.24,1,-1,-1,-1
241,74,920.62,275.78,169.81,511.27,1,-1,-1,-1
241,75,623.25,315.54,196.56,591.50,1,-1,-1,-1
241,79,503.95,316.70,195.62,588.92,1,-1,-1,-1
242,17,1193.07,419.36,104.68,315.98,1,-1,-1,-1
242,55,1558.48,545.88,56.31,170.39,1,-1,-1,-1
242,69,808.64,300.26,178.84,538.49,1,-1,-1,-1
242,70,1289.32,365.27,119.87,361.46,1,-1,-1,-1
242,74,928.55,275.81,169.77,511.15,1,-1,-1,-1
242,75,637.61,303.92,204.91,616.63,1,-1,-1,-1
242,79,516.44,316.71,195.61,588.87,1,-1,-1,-1
243,55,1562.34,545.95,55.37,167.62,1,-1,-1,-1
243,58,1742.57,417.48,79.14,239.43,1,-1,-1,-1
243,69,823.74,306.45,173.60,522.73,1,-1,-1,-1
243,70,1305.35,365.49,119.81,361.30,1,-1,-1,-1
243,74,953.96,275.79,169.81,511.29,1,-1,-1,-1
243,75,640.39,312.58,198.67,597.89,1,-1,-1,-1
243,79,520.30,316.67,195.63,588.95,1,-1,-1,-1
244,17,1212.83,453.58,93.29,281.65,1,-1,-1,-1
244,55,1565.60,540.12,57.79,174.98,1,-1,-1,-1
244,58,1744.57,417.51,79.08,239.24,1,-1,-1,-1
244,69,894.33,345.56,138.16,416.11,1,-1,-1,-1
244,70,1311.10,365.51,119.83,361.36,1,-1,-1,-1
244,74,984.44,264.39,178.05,536.10,1,-1,-1,-1
244,75,666.74,315.83,196.32,590.83,1,-1,-1,-1
244,79,547.31,316.62,195.67,589.05,1,-1,-1,-1
245,17,1215.78,459.21,91.41,275.99,1,-1,-1,-1
245,55,1566.64,538.21,58.57,177.39,1,-1,-1,-1
245,58,1760.05,403.20,82.84,250.60,1,-1,-1,-1
245,69,920.45,378.53,124.17,374.05,1,-1,-1,-1
245,70,1312.98,365.46,119.87,361.48,1,-1,-1,-1
245,74,995.07,280.20,165.63,498.74,1,-1,-1,-1
245,75,675.73,316.92,195.52,588.44,1,-1,-1,-1
245,79,556.74,316.56,195.70,589.16,1,-1,-1,-1
246,17,1231.51,463.37,86.66,261.69,1,-1,-1,-1
246,55,1569.11,539.88,68.33,206.92,1,-1,-1,-1
246,58,1765.72,397.92,84.22,254.78,1,-1,-1,-1
246,69,906.32,349.95,132.87,400.27,1,-1,-1,-1
246,70,1313.43,365.39,119.91,361.62,1,-1,-1,-1
246,74,998.53,265.70,176.81,532.38,1,-1,-1,-1
246,75,678.35,317.23,195.29,587.75,1,-1,-1,-1
246,79,580.49,335.00,178.84,538.40,1,-1,-1,-1
247,17,1236.89,464.75,84.97,256.62,1,-1,-1,-1
247,55,1572.66,544.18,68.58,207.68,1,-1,-1,-1
247,58,1767.82,395.89,84.75,256.34,1,-1,-1,-1
247,69,902.11,341.03,135.55,408.37,1,-1,-1,-1
247,70,1313.37,365.32,119.95,361.75,1,-1,-1,-1
247,74,1001.14,271.74,172.72,520.08,1,-1,-1,-1
247,75,710.70,304.20,204.66,615.95,1,-1,-1,-1
247,79,591.90,333.66,180.84,544.44,1,-1,-1,-1
247,81,1537.50,414.66,97.49,294.47,1,-1,-1,-1
248,17,1236.28,462.73,88.57,267.54,1,-1,-1,-1
248,55,1584.04,537.30,65.17,197.37,1,-1,-1,-1
248,58,1779.31,389.63,88.92,268.95,1,-1,-1,-1
248,69,902.65,333.60,143.40,432.02,1,-1,-1,-1
248,70,1313.15,365.26,119.99,361.87,1,-1,-1,-1
248,73,1763.04,418.92,73.82,223.37,1,-1,-1,-1
248,74,1024.20,274.17,171.10,515.22,1,-1,-1,-1
248,75,722.26,299.36,208.14,626.41,1,-1,-1,-1
248,79,615.14,341.30,173.34,521.88,1,-1,-1,-1
248,81,1529.09,421.58,92.49,279.37,1,-1,-1,-1
248,82,1222.60,338.90,128.96,388.88,1,-1,-1,-1
249,17,1242.87,464.86,87.82,265.26,1,-1,-1,-1
249,55,1586.09,532.60,74.56,225.79,1,-1,-1,-1
249,58,1779.48,407.92,79.46,240.34,1,-1,-1,-1
249,69,918.02,334.69,139.79,421.18,1,-1,-1,-1
249,70,1328.92,365.20,120.02,361.98,1,-1,-1,-1
249,73,1767.40,419.02,73.54,222.54,1,-1,-1,-1
249,74,1032.34,275.07,170.51,513.47,1,-1,-1,-1
249,75,746.09,310.31,200.25,602.70,1,-1,-1,-1
249,79,628.08,335.78,178.98,538.86,1,-1,-1,-1
249,81,1540.35,423.78,90.89,274.55,1,-1,-1,-1
249,82,1222.60,338.90,128.96,388.88,1,-1,-1,-1
250,55,1596.04,534.23,68.26,206.73,1,-1,-1,-1
250,58,1778.89,403.27,79.13,239.35,1,-1,-1,-1
250,69,951.80,354.99,132.19,398.32,1,-1,-1,-1
250,70,1335.46,364.00,114.70,345.94,1,-1,-1,-1
250,74,1034.91,275.39,170.31,512.87,1,-1,-1,-1
250,75,780.70,314.56,197.19,593.49,1,-1,-1,-1
250,79,635.98,323.38,189.74,571.26,1,-1,-1,-1
250,81,1538.58,417.76,95.25,287.71,1,-1,-1,-1
251,55,1609.40,535.17,62.59,189.60,1,-1,-1,-1
251,58,1778.95,413.65,75.47,228.31,1,-1,-1,-1
251,69,963.74,362.54,129.42,390.00,1,-1,-1,-1
251,70,1336.85,364.68,118.14,356.34,1,-1,-1,-1
251,74,1053.36,284.54,162.67,489.87,1,-1,-1,-1
251,75,792.78,316.09,196.09,590.17,1,-1,-1,-1
251,79,658.88,328.90,185.24,557.71,1,-1,-1,-1
251,81,1537.98,415.71,96.73,292.18,1,-1,-1,-1
252,17,1172.76,484.97,102.53,309.67,1,-1,-1,-1
252,55,1614.07,535.40,60.49,183.27,1,-1,-1,-1
252,58,1788.90,417.57,74.10,224.17,1,-1,-1,-1
252,69,957.67,363.96,134.79,406.20,1,-1,-1,-1
252,70,1337.25,364.91,119.39,360.11,1,-1,-1,-1
252,74,1059.75,287.99,159.79,481.23,1,-1,-1,-1
252,75,796.56,316.61,195.71,589.05,1,-1,-1,-1
252,79,683.61,329.48,160.56,483.44,1,-1,-1,-1
252,81,1537.73,414.94,97.28,293.85,1,-1,-1,-1
252,82,1237.07,363.56,120.70,363.99,1,-1,-1,-1
253,17,1170.09,488.51,103.52,312.68,1,-1,-1,-1
253,55,1623.75,535.42,59.76,181.08,1,-1,-1,-1
253,58,1792.82,406.83,77.20,233.55,1,-1,-1,-1
253,69,964.86,382.73,130.61,393.63,1,-1,-1,-1
253,70,1337.20,364.98,119.88,361.60,1,-1,-1,-1
253,74,1066.50,280.03,166.49,501.39,1,-1,-1,-1
253,75,750.69,303.73,204.97,616.91,1,-1,-1,-1
253,79,691.68,329.64,151.07,454.89,1,-1,-1,-1
253,81,1537.63,414.67,97.48,294.45,1,-1,-1,-1
253,82,1227.05,346.48,126.42,381.23,1,-1,-1,-1
254,17,1174.95,510.05,94.15,284.39,1,-1,-1,-1
254,55,1626.87,534.90,62.42,189.14,1,-1,-1,-1
254,58,1793.76,414.76,74.83,226.41,1,-1,-1,-1
254,69,984.46,372.28,129.06,388.97,1,-1,-1,-1
254,70,1337.01,364.99,120.08,362.19,1,-1,-1,-1
254,73,1816.95,396.85,83.94,253.96,1,-1,-1,-1
254,74,1064.00,286.07,161.42,486.15,1,-1,-1,-1
254,75,804.73,311.71,199.22,599.63,1,-1,-1,-1
254,79,702.05,331.35,171.90,517.61,1,-1,-1,-1
254,81,1537.58,414.58,97.55,294.65,1,-1,-1,-1
254,82,1234.46,359.10,122.19,368.49,1,-1,-1,-1
255,17,1172.95,515.19,94.22,284.60,1,-1,-1,-1
255,51,1403.90,385.69,112.15,338.39,1,-1,-1,-1
255,55,1627.89,534.67,63.39,192.10,1,-1,-1,-1
255,58,1803.98,417.85,73.92,223.66,1,-1,-1,-1
255,69,991.22,368.30,128.54,387.44,1,-1,-1,-1
255,70,1348.24,375.71,109.84,331.34,1,-1,-1,-1
255,73,1823.79,394.93,84.72,256.30,1,-1,-1,-1
255,74,1067.22,279.26,167.15,503.41,1,-1,-1,-1
255,75,837.42,300.82,188.19,566.45,1,-1,-1,-1
255,79,729.55,331.93,178.72,538.16,1,-1,-1,-1
255,81,1537.56,414.56,97.56,294.70,1,-1,-1,-1
255,82,1235.95,361.65,121.34,365.92,1,-1,-1,-1
256,51,1387.42,373.36,116.72,352.18,1,-1,-1,-1
256,55,1632.96,535.87,63.34,191.93,1,-1,-1,-1
256,58,1810.49,418.87,70.28,212.66,1,-1,-1,-1
256,69,1002.55,370.44,127.17,383.31,1,-1,-1,-1
256,70,1352.70,377.22,108.60,327.60,1,-1,-1,-1
256,74,1084.47,285.71,161.74,487.13,1,-1,-1,-1
256,75,873.82,296.70,184.07,554.05,1,-1,-1,-1
256,79,739.79,308.20,181.49,546.50,1,-1,-1,-1
256,81,1537.55,414.56,97.56,294.70,1,-1,-1,-1
256,87,1225.20,434.18,73.61,222.69,1,-1,-1,-1
257,51,1388.38,379.19,114.43,345.27,1,-1,-1,-1
257,58,1819.92,419.29,72.31,218.82,1,-1,-1,-1
257,74,1112.09,309.62,159.65,480.86,1,-1,-1,-1
257,75,886.34,295.25,182.63,549.75,1,-1,-1,-1
257,79,743.04,298.93,182.56,549.70,1,-1,-1,-1
257,81,1537.54,414.57,97.56,294.68,1,-1,-1,-1
257,87,1226.66,437.25,72.64,219.78,1,-1,-1,-1
258,51,1389.39,368.80,118.45,357.39,1,-1,-1,-1
258,58,1816.15,419.33,69.75,211.10,1,-1,-1,-1
258,74,1121.90,318.38,158.92,478.64,1,-1,-1,-1
258,75,890.24,319.40,182.17,548.38,1,-1,-1,-1
258,79,767.76,295.45,182.94,550.85,1,-1,-1,-1
258,81,1537.53,414.58,97.55,294.65,1,-1,-1,-1
259,51,1389.67,364.84,119.99,362.02,1,-1,-1,-1
259,55,1662.64,534.48,63.90,193.66,1,-1,-1,-1
259,58,1814.41,419.29,68.80,208.23,1,-1,-1,-1
259,74,1125.11,321.50,158.67,477.93,1,-1,-1,-1
259,75,907.00,317.89,190.86,574.53,1,-1,-1,-1
259,79,776.61,294.23,183.06,551.22,1,-1,-1,-1
259,81,1537.53,414.59,97.54,294.63,1,-1,-1,-1
260,51,1389.47,363.38,120.57,363.76,1,-1,-1,-1
260,55,1665.94,534.27,63.97,193.87,1,-1,-1,-1
260,58,1811.85,407.23,75.39,228.17,1,-1,-1,-1
260,74,1133.74,292.16,166.23,500.68,1,-1,-1,-1
260,75,912.80,317.29,194.07,584.21,1,-1,-1,-1
260,79,779.38,293.88,183.08,551.28,1,-1,-1,-1
260,81,1537.53,414.59,97.54,294.61,1,-1,-1,-1
261,51,1389.09,362.92,120.77,364.35,1,-1,-1,-1
261,55,1675.67,534.19,63.99,193.94,1,-1,-1,-1
261,58,1819.48,414.51,74.32,224.94,1,-1,-1,-1
261,74,1136.71,281.27,169.03,509.11,1,-1,-1,-1
261,75,922.75,327.27,186.70,562.02,1,-1,-1,-1
261,79,790.98,326.03,174.99,526.93,1,-1,-1,-1
261,81,1537.52,414.60,97.53,294.60,1,-1,-1,-1
262,51,1388.65,362.85,120.81,364.47,1,-1,-1,-1
262,55,1679.09,534.14,64.00,193.96,1,-1,-1,-1
262,58,1824.63,417.40,70.60,213.70,1,-1,-1,-1
262,74,1137.44,277.04,170.11,512.37,1,-1,-1,-1
262,75,950.36,306.44,183.84,553.44,1,-1,-1,-1
262,79,802.16,344.54,164.18,494.40,1,-1,-1,-1
262,81,1537.52,414.61,97.53,294.58,1,-1,-1,-1
262,87,1299.88,415.39,96.78,292.75,1,-1,-1,-1
263,51,1388.19,362.94,120.79,364.42,1,-1,-1,-1
263,55,1686.07,534.56,61.15,185.35,1,-1,-1,-1
263,58,1839.46,441.88,60.44,182.99,1,-1,-1,-1
263,73,1827.47,415.27,79.55,240.66,1,-1,-1,-1
263,74,1150.58,284.41,163.00,490.97,1,-1,-1,-1
263,75,959.97,298.73,182.82,550.38,1,-1,-1,-1
263,79,805.60,351.32,160.20,482.42,1,-1,-1,-1
263,81,1537.52,414.62,97.52,294.57,1,-1,-1,-1
263,87,1310.32,413.39,99.75,301.76,1,-1,-1,-1
264,51,1403.49,363.07,120.76,364.30,1,-1,-1,-1
264,55,1688.39,534.70,60.06,182.06,1,-1,-1,-1
264,58,1844.10,444.99,58.93,178.43,1,-1,-1,-1
264,73,1826.59,405.13,79.14,239.44,1,-1,-1,-1
264,74,1163.47,294.39,153.09,461.14,1,-1,-1,-1
264,75,962.95,295.89,182.48,549.35,1,-1,-1,-1
264,79,828.05,353.63,158.83,478.31,1,-1,-1,-1
264,81,1542.40,420.62,93.18,281.47,1,-1,-1,-1
264,89,816.33,272.53,225.27,677.82,1,-1,-1,-1
265,51,1406.67,362.10,115.46,348.32,1,-1,-1,-1
265,55,1691.72,534.27,62.56,189.64,1,-1,-1,-1
265,73,1826.46,402.19,79.03,239.09,1,-1,-1,-1
265,74,1159.37,290.94,156.68,471.96,1,-1,-1,-1
265,75,989.33,327.40,174.23,524.53,1,-1,-1,-1
265,79,835.76,354.34,158.39,477.02,1,-1,-1,-1
265,81,1544.26,422.91,91.52,276.47,1,-1,-1,-1
265,87,1296.87,454.89,104.63,316.45,1,-1,-1,-1
265,89,824.60,272.53,225.27,677.82,1,-1,-1,-1
266,51,1409.95,363.01,118.73,358.18,1,-1,-1,-1
266,55,1699.26,522.66,66.50,201.58,1,-1,-1,-1
266,73,1823.34,404.03,86.87,262.77,1,-1,-1,-1
266,74,1166.00,316.49,150.90,454.54,1,-1,-1,-1
266,75,997.12,306.30,179.46,540.29,1,-1,-1,-1
266,79,847.12,340.28,174.19,524.59,1,-1,-1,-1
266,81,1544.92,423.72,90.93,274.69,1,-1,-1,-1
266,87,1294.09,462.55,105.45,318.88,1,-1,-1,-1
267,51,1411.02,363.38,119.91,361.76,1,-1,-1,-1
267,55,1708.66,537.77,62.24,188.68,1,-1,-1,-1
267,70,1325.50,423.23,91.10,274.88,1,-1,-1,-1
267,73,1834.38,413.37,75.56,228.61,1,-1,-1,-1
267,74,1169.26,312.92,163.65,492.94,1,-1,-1,-1
267,75,1001.03,331.03,173.25,521.60,1,-1,-1,-1
267,79,858.86,343.00,172.01,518.02,1,-1,-1,-1
267,81,1545.13,423.99,90.73,274.11,1,-1,-1,-1
267,87,1300.68,464.97,108.15,327.05,1,-1,-1,-1
268,51,1411.15,363.61,120.35,363.07,1,-1,-1,-1
268,55,1714.80,538.43,62.17,188.44,1,-1,-1,-1
268,70,1324.79,426.74,89.60,270.36,1,-1,-1,-1
268,73,1838.84,417.37,70.67,213.85,1,-1,-1,-1
268,74,1170.41,311.65,168.17,506.55,1,-1,-1,-1
268,75,1001.70,340.57,170.91,514.58,1,-1,-1,-1
268,79,879.17,311.78,179.19,539.62,1,-1,-1,-1
268,81,1540.27,418.02,95.05,287.14,1,-1,-1,-1
269,51,1423.31,377.46,115.20,347.55,1,-1,-1,-1
269,55,1717.45,534.96,63.57,192.71,1,-1,-1,-1
269,73,1838.63,418.82,72.43,219.19,1,-1,-1,-1
269,74,1192.85,288.73,169.94,511.88,1,-1,-1,-1
269,75,1024.48,343.95,170.11,512.19,1,-1,-1,-1
269,79,892.63,309.60,173.89,523.69,1,-1,-1,-1
269,81,1543.28,421.72,92.37,279.06,1,-1,-1,-1
270,51,1434.40,379.79,108.14,326.27,1,-1,-1,-1
270,55,1718.71,534.28,63.87,193.62,1,-1,-1,-1
270,70,1336.59,430.23,85.10,256.88,1,-1,-1,-1
270,73,1840.12,419.21,69.73,211.04,1,-1,-1,-1
270,74,1201.27,279.78,170.59,513.84,1,-1,-1,-1
270,75,1032.43,345.08,169.87,511.49,1,-1,-1,-1
270,79,915.25,299.19,179.89,541.74,1,-1,-1,-1
270,81,1544.46,423.18,91.32,275.88,1,-1,-1,-1
271,51,1438.19,380.67,105.51,318.36,1,-1,-1,-1
271,55,1723.26,534.49,61.13,185.32,1,-1,-1,-1
271,70,1341.09,426.56,88.75,267.95,1,-1,-1,-1
271,73,1840.53,419.29,68.74,208.06,1,-1,-1,-1
271,74,1214.40,285.30,163.31,491.92,1,-1,-1,-1
271,75,1034.89,345.37,169.84,511.41,1,-1,-1,-1
271,79,927.89,304.91,174.11,524.32,1,-1,-1,-1
271,81,1544.89,423.70,90.93,274.73,1,-1,-1,-1
272,17,1363.13,495.98,64.48,194.93,1,-1,-1,-1
272,51,1439.31,380.98,104.59,315.60,1,-1,-1,-1
272,55,1728.46,534.63,60.93,184.70,1,-1,-1,-1
272,70,1342.31,428.81,87.77,264.98,1,-1,-1,-1
272,73,1840.59,419.29,68.41,207.08,1,-1,-1,-1
272,74,1219.02,287.52,160.46,483.33,1,-1,-1,-1
272,75,1058.17,345.36,169.88,511.53,1,-1,-1,-1
272,79,931.72,340.30,157.08,473.08,1,-1,-1,-1
272,81,1545.03,423.88,90.80,274.34,1,-1,-1,-1
273,17,1372.89,495.53,62.93,190.25,1,-1,-1,-1
273,51,1439.48,381.08,104.29,314.70,1,-1,-1,-1
273,73,1840.53,419.25,68.32,206.83,1,-1,-1,-1
273,74,1220.42,288.35,159.40,480.17,1,-1,-1,-1
273,75,1082.90,351.25,162.33,488.82,1,-1,-1,-1
273,79,932.53,319.77,165.81,499.38,1,-1,-1,-1
273,81,1553.25,417.91,95.12,287.37,1,-1,-1,-1
274,51,1439.32,381.11,104.21,314.48,1,-1,-1,-1
274,73,1841.40,407.23,75.21,227.67,1,-1,-1,-1
274,74,1233.10,279.62,166.63,501.93,1,-1,-1,-1
274,75,1098.00,347.24,167.27,503.71,1,-1,-1,-1
274,79,932.57,345.39,154.24,464.54,1,-1,-1,-1
274,81,1560.17,421.59,92.45,279.33,1,-1,-1,-1
275,51,1439.05,381.11,104.21,314.50,1,-1,-1,-1
275,73,1849.72,414.38,71.10,215.22,1,-1,-1,-1
275,74,1246.27,285.29,161.85,487.52,1,-1,-1,-1
275,75,1106.66,337.75,177.16,533.49,1,-1,-1,-1
275,79,932.01,321.72,164.79,496.32,1,-1,-1,-1
275,81,1562.82,423.06,91.39,276.13,1,-1,-1,-1
276,51,1438.78,381.11,104.24,314.59,1,-1,-1,-1
276,73,1853.00,417.38,69.39,210.07,1,-1,-1,-1
276,74,1254.95,294.63,152.83,460.37,1,-1,-1,-1
276,75,1128.37,342.02,172.93,520.76,1,-1,-1,-1
276,79,933.12,341.79,160.98,484.85,1,-1,-1,-1
276,81,1562.59,427.58,86.94,262.68,1,-1,-1,-1
277,17,1374.59,432.49,83.54,252.55,1,-1,-1,-1
277,51,1453.20,390.38,99.59,300.60,1,-1,-1,-1
277,73,1854.12,418.47,68.77,208.21,1,-1,-1,-1
277,74,1257.75,318.40,149.44,450.18,1,-1,-1,-1
277,75,1136.16,343.67,171.24,515.68,1,-1,-1,-1
277,79,954.37,349.76,159.48,480.36,1,-1,-1,-1
277,81,1562.40,440.87,85.26,257.65,1,-1,-1,-1
278,17,1379.94,424.80,85.16,257.45,1,-1,-1,-1
278,51,1457.80,384.43,102.63,309.76,1,-1,-1,-1
278,73,1858.37,426.22,65.47,198.23,1,-1,-1,-1
278,74,1277.00,330.86,141.54,426.42,1,-1,-1,-1
278,75,1138.54,321.49,170.62,513.80,1,-1,-1,-1
278,79,961.95,352.65,158.95,478.76,1,-1,-1,-1
278,81,1562.27,445.63,84.68,255.90,1,-1,-1,-1
278,89,1181.99,254.44,210.23,632.59,1,-1,-1,-1
279,17,1388.80,426.51,85.26,257.78,1,-1,-1,-1
279,51,1460.01,391.51,99.08,299.07,1,-1,-1,-1
279,73,1859.85,429.10,64.25,194.56,1,-1,-1,-1
279,74,1286.33,335.29,139.41,419.98,1,-1,-1,-1
279,75,1161.67,335.91,170.40,513.15,1,-1,-1,-1
279,79,981.22,357.83,151.67,456.87,1,-1,-1,-1
279,81,1572.52,438.92,92.98,280.97,1,-1,-1,-1
279,89,1206.98,253.23,209.23,629.57,1,-1,-1,-1
280,17,1391.51,426.34,85.42,258.26,1,-1,-1,-1
280,51,1459.92,384.82,102.48,309.34,1,-1,-1,-1
280,69,1115.74,335.53,138.18,416.48,1,-1,-1,-1
280,73,1860.30,430.10,63.83,193.32,1,-1,-1,-1
280,75,1181.71,347.34,162.75,490.14,1,-1,-1,-1
280,79,999.91,362.28,142.21,428.39,1,-1,-1,-1
280,81,1576.20,436.50,95.97,289.99,1,-1,-1,-1
280,89,1187.95,268.63,222.02,668.06,1,-1,-1,-1
281,17,1396.90,420.17,86.77,262.34,1,-1,-1,-1
281,51,1473.70,382.39,103.72,313.09,1,-1,-1,-1
281,69,1120.40,334.05,138.65,417.91,1,-1,-1,-1
281,73,1860.37,430.40,63.71,192.96,1,-1,-1,-1
281,75,1255.94,335.77,152.66,459.78,1,-1,-1,-1
281,79,1006.21,363.77,138.82,418.21,1,-1,-1,-1
281,81,1578.70,443.57,88.94,268.78,1,-1,-1,-1
281,89,1180.70,319.15,187.84,565.28,1,-1,-1,-1
282,51,1491.49,390.65,99.57,300.59,1,-1,-1,-1
282,69,1122.05,323.93,153.92,463.89,1,-1,-1,-1
282,73,1860.33,430.46,63.69,192.92,1,-1,-1,-1
282,75,1221.14,351.87,149.01,448.82,1,-1,-1,-1
282,79,1016.37,361.56,144.49,435.29,1,-1,-1,-1
282,81,1583.75,458.56,82.23,248.52,1,-1,-1,-1
282,89,1215.18,290.87,192.65,579.78,1,-1,-1,-1
283,51,1485.09,384.45,102.72,310.08,1,-1,-1,-1
283,69,1132.31,326.65,150.93,454.85,1,-1,-1,-1
283,73,1860.24,430.44,63.71,192.98,1,-1,-1,-1
283,75,1222.92,353.29,155.04,466.99,1,-1,-1,-1
283,79,1019.79,360.74,146.54,441.48,1,-1,-1,-1
283,81,1581.16,463.26,83.70,252.97,1,-1,-1,-1
283,89,1234.61,292.50,190.30,572.70,1,-1,-1,-1
284,17,1415.81,420.86,90.86,274.68,1,-1,-1,-1
284,51,1495.34,391.37,99.24,299.60,1,-1,-1,-1
284,55,1733.77,523.73,73.29,222.12,1,-1,-1,-1
284,69,1137.20,324.86,152.24,458.80,1,-1,-1,-1
284,73,1861.67,431.42,63.17,191.36,1,-1,-1,-1
284,75,1223.30,353.76,157.23,473.58,1,-1,-1,-1
284,79,1040.45,360.34,147.38,444.02,1,-1,-1,-1
284,81,1583.31,466.54,83.11,251.18,1,-1,-1,-1
285,17,1421.44,416.35,92.21,278.77,1,-1,-1,-1
285,51,1486.10,384.70,102.61,309.80,1,-1,-1,-1
285,55,1730.78,527.68,70.57,213.86,1,-1,-1,-1
285,75,1228.26,358.02,151.05,454.99,1,-1,-1,-1
285,79,1056.86,362.68,141.13,425.21,1,-1,-1,-1
286,51,1495.30,391.41,99.24,299.61,1,-1,-1,-1
286,55,1731.99,527.38,71.04,215.29,1,-1,-1,-1
286,75,1245.65,333.71,155.94,469.71,1,-1,-1,-1
286,79,1062.48,363.50,138.79,418.18,1,-1,-1,-1
287,51,1498.65,394.02,97.93,295.68,1,-1,-1,-1
287,69,1168.52,333.25,140.62,423.81,1,-1,-1,-1
287,75,1265.56,317.50,165.25,497.77,1,-1,-1,-1
287,79,1054.99,361.14,144.69,435.95,1,-1,-1,-1
288,51,1501.00,385.64,102.16,308.45,1,-1,-1,-1
288,69,1171.81,337.04,132.44,399.18,1,-1,-1,-1
288,75,1272.77,311.44,168.77,508.35,1,-1,-1,-1
288,79,1061.01,362.80,140.30,422.76,1,-1,-1,-1
289,51,1501.78,382.56,103.72,313.15,1,-1,-1,-1
289,69,1172.86,338.24,129.85,391.40,1,-1,-1,-1
289,75,1282.22,316.57,162.68,490.02,1,-1,-1,-1
289,79,1062.83,363.39,138.63,417.75,1,-1,-1,-1
290,51,1513.56,390.53,99.71,301.06,1,-1,-1,-1
290,69,1190.61,338.67,128.95,388.72,1,-1,-1,-1
290,75,1300.77,311.21,167.87,505.65,1,-1,-1,-1
290,79,1063.20,363.56,138.06,416.03,1,-1,-1,-1
291,51,1517.92,393.64,98.15,296.35,1,-1,-1,-1
291,69,1196.90,338.83,128.66,387.85,1,-1,-1,-1
291,75,1292.13,316.68,162.30,488.88,1,-1,-1,-1
291,79,1081.60,363.59,137.88,415.51,1,-1,-1,-1
292,51,1521.57,385.46,102.28,308.81,1,-1,-1,-1
292,69,1198.95,338.88,128.58,387.65,1,-1,-1,-1
292,75,1288.08,318.96,160.10,482.25,1,-1,-1,-1
292,79,1088.18,363.57,137.85,415.44,1,-1,-1,-1
293,51,1533.52,391.57,99.20,299.53,1,-1,-1,-1
293,69,1199.45,338.91,128.59,387.67,1,-1,-1,-1
293,75,1307.51,319.87,159.28,479.80,1,-1,-1,-1
293,79,1090.33,363.53,137.88,415.52,1,-1,-1,-1
294,51,1537.93,393.97,97.99,295.89,1,-1,-1,-1
294,69,1216.72,338.91,128.62,387.78,1,-1,-1,-1
294,75,1315.55,345.66,151.90,457.58,1,-1,-1,-1
294,79,1090.83,363.49,137.92,415.65,1,-1,-1,-1
295,51,1539.37,394.85,97.55,294.57,1,-1,-1,-1
295,69,1216.95,339.99,122.89,370.53,1,-1,-1,-1
295,75,1318.06,355.49,149.12,449.23,1,-1,-1,-1
295,79,1109.26,363.45,137.96,415.78,1,-1,-1,-1
295,89,1238.58,309.70,170.48,513.13,1,-1,-1,-1
296,51,1539.72,395.15,97.40,294.12,1,-1,-1,-1
296,69,1222.76,339.30,126.62,381.78,1,-1,-1,-1
296,75,1318.65,358.98,148.15,446.32,1,-1,-1,-1
296,79,1115.91,363.41,138.00,415.91,1,-1,-1,-1
296,89,1242.94,311.17,168.68,507.72,1,-1,-1,-1
297,51,1539.67,395.24,97.36,294.00,1,-1,-1,-1
297,69,1224.90,355.00,116.90,352.51,1,-1,-1,-1
297,75,1338.57,360.15,147.84,445.40,1,-1,-1,-1
297,79,1118.11,363.38,138.03,416.02,1,-1,-1,-1
297,89,1223.10,319.31,160.68,483.73,1,-1,-1,-1
298,51,1556.62,385.99,102.01,308.06,1,-1,-1,-1
298,69,1235.51,362.29,118.71,357.96,1,-1,-1,-1
298,75,1345.93,334.92,154.90,466.67,1,-1,-1,-1
298,79,1118.65,363.36,138.06,416.12,1,-1,-1,-1
298,89,1224.91,321.48,158.24,476.36,1,-1,-1,-1
299,51,1562.81,382.56,103.74,313.28,1,-1,-1,-1
299,69,1246.33,347.52,125.14,377.36,1,-1,-1,-1
299,75,1348.44,325.60,157.52,474.54,1,-1,-1,-1
299,79,1118.59,363.33,138.09,416.20,1,-1,-1,-1
300,17,1355.58,256.21,207.50,626.60,1,-1,-1,-1
300,51,1564.36,384.29,109.33,330.12,1,-1,-1,-1
300,55,1714.88,530.15,68.79,208.45,1,-1,-1,-1
300,69,1250.18,342.03,127.53,384.58,1,-1,-1,-1
300,75,1368.30,347.14,151.53,456.53,1,-1,-1,-1
300,79,1118.33,363.31,138.11,416.28,1,-1,-1,-1
301,17,1352.92,246.60,214.09,646.50,1,-1,-1,-1
301,51,1564.83,384.97,111.44,336.47,1,-1,-1,-1
301,55,1714.13,530.25,68.76,208.34,1,-1,-1,-1
301,69,1256.67,341.78,127.54,384.60,1,-1,-1,-1
301,75,1377.27,329.94,156.35,471.04,1,-1,-1,-1
301,79,1136.48,363.29,138.14,416.35,1,-1,-1,-1
302,51,1574.23,391.28,102.80,310.40,1,-1,-1,-1
302,75,1380.36,323.70,158.11,476.33,1,-1,-1,-1
302,79,1124.65,363.27,138.15,416.41,1,-1,-1,-1
303,51,1567.84,387.56,109.10,329.40,1,-1,-1,-1
303,75,1381.17,321.35,158.78,478.34,1,-1,-1,-1
303,79,1138.42,363.26,138.17,416.46,1,-1,-1,-1
304,51,1565.62,386.26,111.31,336.06,1,-1,-1,-1
304,69,1274.78,339.15,128.80,388.39,1,-1,-1,-1
304,75,1381.14,320.52,159.02,479.08,1,-1,-1,-1
304,79,1143.43,363.25,138.18,416.51,1,-1,-1,-1
305,17,1374.43,299.94,202.29,610.40,1,-1,-1,-1
305,51,1578.93,382.74,107.25,323.80,1,-1,-1,-1
305,69,1276.67,338.84,128.95,388.84,1,-1,-1,-1
305,75,1391.93,348.02,145.52,438.41,1,-1,-1,-1
305,79,1146.09,364.39,132.05,398.05,1,-1,-1,-1
306,17,1378.06,309.80,199.04,600.32,1,-1,-1,-1
306,51,1578.98,390.64,100.93,304.74,1,-1,-1,-1
306,69,1285.03,355.86,123.27,371.72,1,-1,-1,-1
306,75,1395.62,358.82,140.25,422.56,1,-1,-1,-1
306,79,1145.81,363.64,135.98,409.89,1,-1,-1,-1
307,17,1377.36,305.87,203.13,612.65,1,-1,-1,-1
307,51,1582.74,390.88,100.64,303.87,1,-1,-1,-1
307,69,1280.05,344.93,126.93,382.77,1,-1,-1,-1
307,75,1403.76,359.95,145.19,437.46,1,-1,-1,-1
307,79,1163.65,364.51,131.29,395.77,1,-1,-1,-1
308,69,1288.77,356.83,117.25,353.62,1,-1,-1,-1
308,75,1406.54,360.31,146.97,442.82,1,-1,-1,-1
308,79,1170.27,364.84,129.50,390.37,1,-1,-1,-1
309,69,1288.78,362.68,118.97,358.82,1,-1,-1,-1
309,75,1407.30,360.35,147.68,444.96,1,-1,-1,-1
309,79,1172.49,364.95,128.86,388.47,1,-1,-1,-1
310,17,1379.42,279.06,198.28,597.80,1,-1,-1,-1
310,51,1613.89,394.61,97.77,295.20,1,-1,-1,-1
310,69,1304.86,364.70,119.59,360.69,1,-1,-1,-1
310,75,1418.83,362.84,141.37,425.98,1,-1,-1,-1
310,79,1190.43,364.99,128.66,387.87,1,-1,-1,-1
311,17,1379.08,273.84,200.88,605.66,1,-1,-1,-1
311,51,1619.62,395.15,97.28,293.72,1,-1,-1,-1
311,69,1304.07,348.21,125.60,378.81,1,-1,-1,-1
311,75,1422.89,363.69,138.98,418.80,1,-1,-1,-1
311,79,1179.86,363.83,134.80,406.37,1,-1,-1,-1
312,51,1633.87,395.11,97.37,294.03,1,-1,-1,-1
312,69,1310.15,358.90,122.20,368.56,1,-1,-1,-1
312,75,1432.48,361.33,144.84,436.44,1,-1,-1,-1
312,79,1192.51,364.54,131.02,394.98,1,-1,-1,-1
313,51,1637.43,395.17,97.34,293.92,1,-1,-1,-1
313,69,1314.08,361.97,115.47,348.27,1,-1,-1,-1
313,75,1446.00,362.98,140.45,423.22,1,-1,-1,-1
313,79,1197.18,364.81,129.53,390.51,1,-1,-1,-1
314,51,1638.57,395.18,97.33,293.90,1,-1,-1,-1
314,69,1319.27,363.16,114.54,345.46,1,-1,-1,-1
314,75,1440.49,340.96,145.43,438.24,1,-1,-1,-1
314,79,1200.24,363.75,135.18,407.53,1,-1,-1,-1
315,51,1638.78,395.17,97.34,293.94,1,-1,-1,-1
315,75,1448.51,355.05,140.72,424.07,1,-1,-1,-1
315,79,1201.26,363.36,137.26,413.80,1,-1,-1,-1
316,51,1639.09,402.03,93.00,280.87,1,-1,-1,-1
316,75,1451.28,360.59,138.90,418.59,1,-1,-1,-1
316,79,1195.12,380.13,126.31,380.81,1,-1,-1,-1
317,51,1638.47,397.61,95.80,289.31,1,-1,-1,-1
317,69,1335.86,363.42,112.14,338.27,1,-1,-1,-1
317,75,1452.08,362.62,138.25,416.65,1,-1,-1,-1
317,79,1208.88,386.73,121.97,367.76,1,-1,-1,-1
318,51,1650.75,402.85,92.48,279.32,1,-1,-1,-1
318,69,1341.15,364.27,111.25,335.58,1,-1,-1,-1
318,75,1452.16,363.34,138.04,416.01,1,-1,-1,-1
318,79,1213.64,389.02,120.46,363.20,1,-1,-1,-1
319,51,1655.68,397.88,95.63,288.83,1,-1,-1,-1
319,69,1338.07,363.46,111.82,337.31,1,-1,-1,-1
319,75,1452.00,363.56,137.99,415.86,1,-1,-1,-1
319,79,1224.04,372.37,132.02,398.05,1,-1,-1,-1
320,51,1663.06,396.35,88.45,267.17,1,-1,-1,-1
320,55,1601.75,465.48,78.84,238.76,1,-1,-1,-1
320,69,1338.05,363.39,111.83,337.35,1,-1,-1,-1
320,75,1451.77,363.61,137.99,415.89,1,-1,-1,-1
320,79,1234.87,383.07,124.59,375.69,1,-1,-1,-1
321,17,1664.80,383.66,123.72,373.07,1,-1,-1,-1
321,51,1668.23,396.43,87.43,264.09,1,-1,-1,-1
321,55,1595.95,452.16,82.83,250.75,1,-1,-1,-1
321,69,1337.97,363.35,111.84,337.40,1,-1,-1,-1
321,75,1451.53,363.59,138.02,415.97,1,-1,-1,-1
321,79,1238.84,387.45,121.53,366.48,1,-1,-1,-1
322,17,1671.13,400.14,106.94,322.53,1,-1,-1,-1
322,55,1596.58,444.26,88.21,266.96,1,-1,-1,-1
322,69,1337.81,363.32,111.87,337.49,1,-1,-1,-1
322,75,1455.93,364.70,131.88,397.51,1,-1,-1,-1
322,79,1245.23,386.75,115.01,346.82,1,-1,-1,-1
322,96,1183.30,402.13,104.56,315.68,1,-1,-1,-1
323,17,1678.48,390.79,109.53,330.40,1,-1,-1,-1
323,55,1594.27,444.31,86.41,261.47,1,-1,-1,-1
323,69,1337.62,363.29,111.90,337.59,1,-1,-1,-1
323,75,1457.44,365.09,129.58,390.58,1,-1,-1,-1
323,79,1249.43,389.96,124.04,374.06,1,-1,-1,-1
323,96,1182.98,411.69,99.20,299.49,1,-1,-1,-1
324,17,1680.51,388.03,110.32,332.79,1,-1,-1,-1
324,55,1593.64,444.60,85.61,259.02,1,-1,-1,-1
324,69,1334.17,375.18,106.92,322.61,1,-1,-1,-1
324,75,1457.87,365.20,128.78,388.19,1,-1,-1,-1
324,79,1259.67,389.87,121.54,366.53,1,-1,-1,-1
324,96,1182.88,414.75,97.48,294.32,1,-1,-1,-1
325,17,1679.71,389.26,116.51,351.47,1,-1,-1,-1
325,55,1593.56,444.85,85.28,257.99,1,-1,-1,-1
325,69,1336.04,367.53,110.15,332.34,1,-1,-1,-1
325,75,1471.92,364.05,134.75,406.17,1,-1,-1,-1
325,79,1254.39,373.67,126.33,380.96,1,-1,-1,-1
325,96,1183.16,406.41,102.16,308.43,1,-1,-1,-1
326,17,1689.01,390.95,115.57,348.62,1,-1,-1,-1
326,51,1682.18,395.49,84.67,255.80,1,-1,-1,-1
326,55,1593.69,445.07,85.13,257.52,1,-1,-1,-1
326,69,1336.68,364.78,111.31,335.87,1,-1,-1,-1
326,75,1463.30,364.75,130.87,394.49,1,-1,-1,-1
326,79,1252.33,367.70,128.09,386.29,1,-1,-1,-1
326,96,1182.96,412.26,98.88,298.54,1,-1,-1,-1
327,17,1679.80,387.01,112.65,339.83,1,-1,-1,-1
327,51,1686.26,395.45,83.87,253.38,1,-1,-1,-1
327,55,1596.65,430.07,89.07,269.40,1,-1,-1,-1
327,69,1336.06,364.84,117.10,353.33,1,-1,-1,-1
327,75,1459.69,365.00,129.37,389.99,1,-1,-1,-1
327,79,1264.08,379.04,117.80,355.27,1,-1,-1,-1
327,96,1182.89,414.39,97.68,294.92,1,-1,-1,-1
328,17,1686.29,387.85,111.40,336.07,1,-1,-1,-1
328,55,1597.83,424.51,90.53,273.81,1,-1,-1,-1
328,69,1335.79,364.87,119.28,359.88,1,-1,-1,-1
328,75,1458.27,365.08,128.84,388.42,1,-1,-1,-1
328,79,1268.39,383.57,113.73,343.03,1,-1,-1,-1
328,96,1168.60,406.43,102.14,308.40,1,-1,-1,-1
329,55,1598.40,422.50,91.07,275.42,1,-1,-1,-1
329,69,1336.39,378.48,114.84,346.51,1,-1,-1,-1
329,75,1457.67,365.09,128.68,387.92,1,-1,-1,-1
329,79,1269.76,385.18,112.31,338.76,1,-1,-1,-1
329,96,1163.54,403.58,103.74,313.23,1,-1,-1,-1
330,55,1596.52,415.98,95.52,288.82,1,-1,-1,-1
330,69,1337.66,380.03,114.92,346.74,1,-1,-1,-1
330,75,1457.39,365.08,128.64,387.83,1,-1,-1,-1
330,79,1270.09,385.74,111.84,337.34,1,-1,-1,-1
330,96,1156.94,391.53,109.37,330.21,1,-1,-1,-1
331,17,1699.12,521.57,64.20,193.83,1,-1,-1,-1
331,55,1595.84,413.60,97.19,293.84,1,-1,-1,-1
331,75,1457.24,365.06,128.65,387.88,1,-1,-1,-1
331,79,1285.26,385.92,111.70,336.95,1,-1,-1,-1
331,96,1159.24,397.78,106.55,321.69,1,-1,-1,-1
332,17,1692.57,534.35,63.27,191.13,1,-1,-1,-1
332,55,1595.66,412.83,97.80,295.66,1,-1,-1,-1
332,75,1457.14,365.04,128.68,387.97,1,-1,-1,-1
332,79,1290.72,385.96,111.69,336.93,1,-1,-1,-1
332,96,1155.56,389.40,110.40,333.31,1,-1,-1,-1
333,17,1691.94,537.97,62.54,189.03,1,-1,-1,-1
333,51,1715.53,395.40,84.53,255.41,1,-1,-1,-1
333,55,1595.66,412.69,97.99,296.21,1,-1,-1,-1
333,75,1457.07,365.02,128.71,388.06,1,-1,-1,-1
333,79,1289.56,388.19,117.11,353.28,1,-1,-1,-1
333,96,1154.26,386.34,111.81,337.55,1,-1,-1,-1
333,97,126.36,530.29,68.64,207.93,1,-1,-1,-1
334,17,1688.64,535.93,65.86,199.11,1,-1,-1,-1
334,51,1717.13,395.40,84.60,255.64,1,-1,-1,-1
334,55,1595.73,412.78,98.03,296.29,1,-1,-1,-1
334,75,1457.01,365.01,128.74,388.16,1,-1,-1,-1
334,79,1289.02,388.99,119.12,359.35,1,-1,-1,-1
334,96,1153.87,385.23,112.32,339.08,1,-1,-1,-1
334,97,126.36,530.29,68.64,207.93,1,-1,-1,-1
335,17,1687.49,534.96,67.05,202.76,1,-1,-1,-1
335,51,1717.65,406.76,84.62,255.73,1,-1,-1,-1
335,55,1595.81,412.94,98.00,296.19,1,-1,-1,-1
335,75,1456.96,364.99,128.77,388.24,1,-1,-1,-1
335,79,1288.62,389.27,119.91,361.71,1,-1,-1,-1
335,96,1153.82,384.88,112.48,339.56,1,-1,-1,-1
335,97,122.00,525.28,72.30,218.99,1,-1,-1,-1
336,17,1687.01,534.15,67.61,204.47,1,-1,-1,-1
336,51,1729.08,399.66,84.63,255.79,1,-1,-1,-1
336,55,1608.79,413.11,97.96,296.03,1,-1,-1,-1
336,75,1456.91,364.98,128.79,388.32,1,-1,-1,-1
336,79,1306.10,387.15,114.89,346.60,1,-1,-1,-1
336,96,1153.89,384.82,112.51,339.64,1,-1,-1,-1
336,97,124.67,528.35,70.06,212.21,1,-1,-1,-1
337,17,1686.79,533.52,67.88,205.35,1,-1,-1,-1
337,51,1733.23,396.95,84.65,255.84,1,-1,-1,-1
337,55,1613.79,413.28,97.91,295.87,1,-1,-1,-1
337,75,1456.88,364.97,128.81,388.38,1,-1,-1,-1
337,79,1312.63,386.29,112.95,340.75,1,-1,-1,-1
337,96,1153.99,384.86,112.49,339.57,1,-1,-1,-1
337,97,124.31,527.94,70.36,213.12,1,-1,-1,-1
338,17,1686.69,533.04,68.04,205.85,1,-1,-1,-1
338,51,1731.72,390.33,88.70,268.10,1,-1,-1,-1
338,55,1608.60,405.21,102.47,309.65,1,-1,-1,-1
338,75,1456.84,364.96,128.83,388.44,1,-1,-1,-1
338,79,1314.85,385.97,112.25,338.65,1,-1,-1,-1
338,96,1154.10,384.93,112.46,339.47,1,-1,-1,-1
338,97,125.92,529.79,69.01,209.03,1,-1,-1,-1
339,17,1686.63,532.66,68.14,206.19,1,-1,-1,-1
339,51,1731.07,387.87,90.21,272.66,1,-1,-1,-1
339,55,1613.60,410.31,99.64,301.07,1,-1,-1,-1
339,75,1456.81,364.95,128.84,388.49,1,-1,-1,-1
339,79,1330.54,385.84,112.01,337.93,1,-1,-1,-1
339,96,1154.20,385.01,112.43,339.36,1,-1,-1,-1
339,97,126.22,530.13,68.76,208.28,1,-1,-1,-1
340,17,1687.05,536.51,67.22,203.41,1,-1,-1,-1
340,51,1733.51,392.46,86.80,262.36,1,-1,-1,-1
340,55,1608.46,404.23,103.09,311.48,1,-1,-1,-1
340,75,1456.79,364.95,128.86,388.54,1,-1,-1,-1
340,79,1329.98,371.97,123.07,371.28,1,-1,-1,-1
340,96,1159.03,395.93,107.43,324.27,1,-1,-1,-1
340,97,122.30,525.62,72.05,218.24,1,-1,-1,-1
341,17,1686.59,532.38,68.21,206.41,1,-1,-1,-1
341,51,1734.27,394.30,85.45,258.28,1,-1,-1,-1
341,55,1606.54,402.01,104.36,315.29,1,-1,-1,-1
341,75,1456.77,364.94,128.87,388.58,1,-1,-1,-1
341,79,1335.74,380.20,116.40,351.16,1,-1,-1,-1
341,96,1160.95,400.17,105.48,318.41,1,-1,-1,-1
341,97,124.79,528.49,69.96,211.91,1,-1,-1,-1
342,17,1686.91,535.31,67.51,204.30,1,-1,-1,-1
342,51,1734.44,394.99,84.95,256.78,1,-1,-1,-1
342,55,1599.99,409.41,100.24,302.83,1,-1,-1,-1
342,69,1439.32,322.57,157.93,476.39,1,-1,-1,-1
342,75,1466.77,378.67,117.81,355.24,1,-1,-1,-1
342,79,1336.90,385.94,118.98,358.96,1,-1,-1,-1
342,96,1156.87,390.70,109.82,331.49,1,-1,-1,-1
342,97,125.79,529.64,69.12,209.36,1,-1,-1,-1
343,51,1745.75,406.63,84.77,256.23,1,-1,-1,-1
343,55,1597.45,412.43,98.57,297.79,1,-1,-1,-1
343,69,1446.02,319.33,160.65,484.59,1,-1,-1,-1
343,75,1459.86,386.27,119.09,359.12,1,-1,-1,-1
343,79,1338.00,385.84,114.62,345.81,1,-1,-1,-1
343,96,1155.39,387.24,111.40,336.27,1,-1,-1,-1
343,97,126.17,530.07,68.81,208.41,1,-1,-1,-1
344,51,1749.87,410.99,84.70,256.05,1,-1,-1,-1
344,55,1635.38,407.41,93.59,282.74,1,-1,-1,-1
344,75,1457.46,388.87,119.54,360.51,1,-1,-1,-1
344,79,1353.25,385.79,112.92,340.68,1,-1,-1,-1
344,96,1154.85,385.92,112.01,338.08,1,-1,-1,-1
344,97,126.31,530.23,68.69,208.05,1,-1,-1,-1
345,51,1751.28,412.57,84.68,256.00,1,-1,-1,-1
345,55,1610.26,411.85,96.12,290.37,1,-1,-1,-1
345,75,1466.99,387.52,114.37,344.93,1,-1,-1,-1
345,79,1358.71,385.76,112.30,338.81,1,-1,-1,-1
345,96,1147.93,371.79,123.23,371.91,1,-1,-1,-1
345,97,126.36,530.29,68.65,207.93,1,-1,-1,-1
346,51,1758.88,416.05,80.90,244.59,1,-1,-1,-1
346,55,1603.46,407.32,92.70,280.07,1,-1,-1,-1
346,75,1470.60,386.88,112.46,339.17,1,-1,-1,-1
346,79,1360.53,385.74,112.08,338.16,1,-1,-1,-1
346,96,1145.37,366.57,127.38,384.42,1,-1,-1,-1
346,97,126.38,530.31,68.63,207.88,1,-1,-1,-1
347,17,1686.50,531.47,68.42,207.08,1,-1,-1,-1
347,51,1761.58,417.28,79.47,240.27,1,-1,-1,-1
347,55,1602.60,406.17,92.34,278.97,1,-1,-1,-1
347,69,1465.10,352.97,150.96,455.28,1,-1,-1,-1
347,75,1476.58,397.68,106.72,321.91,1,-1,-1,-1
347,79,1361.34,387.96,117.38,354.14,1,-1,-1,-1
347,96,1144.40,364.56,128.99,389.26,1,-1,-1,-1
347,97,126.38,530.32,68.63,207.87,1,-1,-1,-1
348,17,1689.24,533.49,65.36,197.85,1,-1,-1,-1
348,51,1765.38,419.03,78.81,238.29,1,-1,-1,-1
348,55,1654.76,402.74,101.86,307.71,1,-1,-1,-1
348,69,1471.28,352.94,152.27,459.21,1,-1,-1,-1
348,75,1473.93,390.32,109.84,331.33,1,-1,-1,-1
348,79,1361.20,386.59,114.08,344.20,1,-1,-1,-1
348,96,1150.71,377.30,118.75,358.34,1,-1,-1,-1
348,97,126.38,530.32,68.63,207.87,1,-1,-1,-1
349,17,1687.44,531.77,67.41,204.08,1,-1,-1,-1
349,55,1670.06,405.88,108.78,328.56,1,-1,-1,-1
349,69,1371.70,357.98,149.29,450.18,1,-1,-1,-1
349,75,1472.97,387.70,110.96,334.72,1,-1,-1,-1
349,79,1370.64,396.99,107.75,325.11,1,-1,-1,-1
349,96,1153.33,382.55,114.54,345.64,1,-1,-1,-1
349,97,126.38,530.31,68.63,207.88,1,-1,-1,-1
350,17,1686.80,531.15,68.14,206.31,1,-1,-1,-1
350,51,1768.12,414.00,83.70,253.07,1,-1,-1,-1
350,55,1685.05,403.15,106.56,321.85,1,-1,-1,-1
350,69,1352.15,359.00,148.85,448.80,1,-1,-1,-1
350,75,1478.22,388.89,116.80,352.35,1,-1,-1,-1
350,79,1373.96,400.89,105.37,317.95,1,-1,-1,-1
350,96,1144.80,386.73,118.41,357.30,1,-1,-1,-1
350,97,126.38,530.31,68.63,207.88,1,-1,-1,-1
350,103,1612.90,412.56,84.74,256.23,1,-1,-1,-1
351,17,1686.55,530.87,68.43,207.20,1,-1,-1,-1
351,51,1780.10,401.82,84.40,255.20,1,-1,-1,-1
351,55,1690.73,402.10,105.58,318.90,1,-1,-1,-1
351,69,1346.86,359.50,149.62,451.10,1,-1,-1,-1
351,75,1480.14,389.31,118.99,358.94,1,-1,-1,-1
351,79,1375.00,402.25,104.54,315.46,1,-1,-1,-1
351,96,1141.73,388.24,119.80,361.50,1,-1,-1,-1
351,97,122.46,525.81,71.92,217.82,1,-1,-1,-1
351,103,1626.03,412.56,84.74,256.23,1,-1,-1,-1
352,17,1686.45,530.73,68.55,207.55,1,-1,-1,-1
352,51,1784.30,401.28,84.49,255.45,1,-1,-1,-1
352,55,1692.64,401.74,105.18,317.67,1,-1,-1,-1
352,75,1480.81,389.43,119.84,361.52,1,-1,-1,-1
352,79,1375.22,402.69,104.27,314.66,1,-1,-1,-1
352,96,1140.60,388.83,120.32,363.05,1,-1,-1,-1
352,97,121.01,524.14,73.14,221.51,1,-1,-1,-1
352,103,1630.23,412.56,84.74,256.23,1,-1,-1,-1
353,17,1686.42,530.65,68.59,207.70,1,-1,-1,-1
353,51,1785.31,396.60,84.71,256.11,1,-1,-1,-1
353,55,1693.11,401.65,105.00,317.11,1,-1,-1,-1
353,75,1482.46,373.60,125.85,379.64,1,-1,-1,-1
353,79,1380.51,391.79,109.24,329.66,1,-1,-1,-1
353,96,1140.23,389.04,120.49,363.56,1,-1,-1,-1
353,97,120.46,523.51,73.60,222.90,1,-1,-1,-1
353,103,1619.09,412.56,84.74,256.23,1,-1,-1,-1
354,17,1689.10,532.94,65.56,198.53,1,-1,-1,-1
354,51,1785.96,395.48,84.76,256.29,1,-1,-1,-1
354,55,1698.40,390.83,109.86,331.77,1,-1,-1,-1
354,75,1490.71,381.06,117.30,353.85,1,-1,-1,-1
354,79,1382.37,387.77,111.08,335.21,1,-1,-1,-1
354,96,1125.61,373.23,126.23,380.85,1,-1,-1,-1
354,97,120.27,523.29,73.76,223.38,1,-1,-1,-1
354,103,1615.02,412.56,84.74,256.23,1,-1,-1,-1
355,17,1688.40,526.83,70.85,214.55,1,-1,-1,-1
355,51,1786.13,395.10,84.78,256.35,1,-1,-1,-1
355,55,1700.26,386.80,111.67,337.21,1,-1,-1,-1
355,75,1497.66,395.20,108.73,328.03,1,-1,-1,-1
355,79,1382.92,386.22,111.79,337.37,1,-1,-1,-1
355,96,1120.17,367.32,128.37,387.29,1,-1,-1,-1
355,97,120.21,523.23,73.81,223.52,1,-1,-1,-1
355,103,1625.39,412.56,84.74,256.23,1,-1,-1,-1
356,17,1688.59,526.79,71.09,215.29,1,-1,-1,-1
356,51,1786.07,394.99,84.79,256.36,1,-1,-1,-1
356,55,1709.18,395.99,107.45,324.44,1,-1,-1,-1
356,75,1503.27,391.43,116.26,350.75,1,-1,-1,-1
356,79,1391.59,396.47,107.11,323.24,1,-1,-1,-1
356,96,1118.16,365.06,129.16,389.66,1,-1,-1,-1
356,97,120.21,523.23,73.81,223.52,1,-1,-1,-1
356,103,1629.15,412.56,84.74,256.23,1,-1,-1,-1
357,17,1700.07,532.20,65.72,199.06,1,-1,-1,-1
357,51,1788.91,394.16,84.86,256.59,1,-1,-1,-1
357,55,1703.76,388.79,110.73,334.33,1,-1,-1,-1
357,75,1502.19,398.68,108.67,327.86,1,-1,-1,-1
357,79,1394.74,400.44,105.30,317.79,1,-1,-1,-1
357,96,1117.50,364.26,129.42,390.43,1,-1,-1,-1
357,97,120.22,523.25,73.80,223.48,1,-1,-1,-1
357,103,1630.45,412.56,84.74,256.23,1,-1,-1,-1
358,17,1702.84,542.50,64.45,195.21,1,-1,-1,-1
358,55,1702.02,388.35,117.18,353.78,1,-1,-1,-1
358,75,1501.52,401.52,105.64,318.73,1,-1,-1,-1
358,79,1395.76,401.88,104.65,315.84,1,-1,-1,-1
358,96,1115.97,379.82,123.81,373.50,1,-1,-1,-1
358,97,120.24,523.27,73.79,223.43,1,-1,-1,-1
358,103,1630.85,412.56,84.74,256.23,1,-1,-1,-1
359,17,1708.59,545.82,61.12,185.16,1,-1,-1,-1
359,51,1793.23,413.17,79.98,241.83,1,-1,-1,-1
359,55,1701.25,388.22,119.63,361.14,1,-1,-1,-1
359,75,1501.19,402.48,104.57,315.54,1,-1,-1,-1
359,79,1399.46,397.60,99.74,301.04,1,-1,-1,-1
359,96,1116.94,369.83,127.36,384.20,1,-1,-1,-1
359,97,120.26,523.30,73.77,223.37,1,-1,-1,-1
359,103,1632.57,412.56,84.74,256.23,1,-1,-1,-1
360,17,1713.04,535.81,66.00,199.94,1,-1,-1,-1
360,51,1795.93,414.37,79.56,240.56,1,-1,-1,-1
360,55,1700.78,388.24,120.54,363.86,1,-1,-1,-1
360,75,1515.18,402.77,104.23,314.51,1,-1,-1,-1
360,79,1414.02,409.29,97.91,295.56,1,-1,-1,-1
360,96,1117.33,366.20,128.65,388.06,1,-1,-1,-1
360,97,120.28,523.32,73.76,223.32,1,-1,-1,-1
361,17,1714.60,532.33,67.69,205.07,1,-1,-1,-1
361,55,1714.80,386.12,115.59,348.92,1,-1,-1,-1
361,75,1517.52,391.80,109.19,329.48,1,-1,-1,-1
361,79,1419.14,413.48,97.29,293.69,1,-1,-1,-1
361,96,1115.36,363.71,135.19,407.78,1,-1,-1,-1
361,97,120.30,523.34,73.74,223.28,1,-1,-1,-1
362,17,1716.80,532.21,67.84,205.51,1,-1,-1,-1
362,55,1720.11,385.36,113.58,342.84,1,-1,-1,-1
362,75,1518.30,387.76,111.02,335.01,1,-1,-1,-1
362,79,1420.84,414.95,97.10,293.14,1,-1,-1,-1
362,96,1114.65,362.81,137.65,415.17,1,-1,-1,-1
362,97,120.32,523.36,73.73,223.24,1,-1,-1,-1
362,103,1661.56,412.56,84.74,256.23,1,-1,-1,-1
363,55,1739.44,371.28,118.16,356.63,1,-1,-1,-1
363,69,1435.59,413.60,98.94,298.43,1,-1,-1,-1
363,75,1526.23,372.47,117.04,353.18,1,-1,-1,-1
363,79,1395.89,396.02,106.81,322.45,1,-1,-1,-1
363,96,1114.45,362.51,138.56,417.89,1,-1,-1,-1
363,97,120.33,523.38,73.72,223.20,1,-1,-1,-1
363,103,1664.82,412.56,84.74,256.23,1,-1,-1,-1
364,55,1746.49,366.11,119.84,361.69,1,-1,-1,-1
364,69,1437.17,404.87,103.05,310.87,1,-1,-1,-1
364,75,1536.18,380.24,114.10,344.29,1,-1,-1,-1
364,79,1396.80,395.45,107.14,323.43,1,-1,-1,-1
364,96,1114.45,362.46,138.86,418.77,1,-1,-1,-1
364,97,120.16,523.18,73.86,223.64,1,-1,-1,-1
364,103,1665.91,412.56,84.74,256.23,1,-1,-1,-1
365,55,1746.00,364.29,126.10,380.55,1,-1,-1,-1
365,69,1437.95,403.57,103.50,312.28,1,-1,-1,-1
365,75,1539.92,383.45,112.89,340.65,1,-1,-1,-1
365,96,1116.71,363.62,132.86,400.66,1,-1,-1,-1
365,103,1666.18,412.56,84.74,256.23,1,-1,-1,-1
366,51,1796.37,403.07,103.10,311.67,1,-1,-1,-1
366,55,1745.68,363.67,128.46,387.65,1,-1,-1,-1
366,69,1449.36,405.23,94.36,284.77,1,-1,-1,-1
366,75,1541.17,384.69,112.43,339.26,1,-1,-1,-1
366,79,1425.41,369.72,125.38,378.46,1,-1,-1,-1
366,96,1115.41,362.98,136.65,412.08,1,-1,-1,-1
366,103,1666.14,412.56,84.74,256.23,1,-1,-1,-1
367,51,1796.38,402.36,104.61,316.18,1,-1,-1,-1
367,55,1745.33,363.54,129.33,390.24,1,-1,-1,-1
367,69,1450.61,391.61,106.26,320.69,1,-1,-1,-1
367,75,1541.50,385.18,112.25,338.73,1,-1,-1,-1
367,79,1428.89,366.80,127.40,384.53,1,-1,-1,-1
367,96,1114.96,362.76,138.02,416.20,1,-1,-1,-1
367,103,1676.97,415.50,80.97,244.82,1,-1,-1,-1
368,51,1796.31,402.08,105.15,317.77,1,-1,-1,-1
368,55,1749.60,361.17,130.94,395.10,1,-1,-1,-1
368,69,1451.11,387.27,110.03,332.05,1,-1,-1,-1
368,75,1543.12,396.25,107.20,323.51,1,-1,-1,-1
368,96,1100.03,363.85,132.44,399.37,1,-1,-1,-1
368,103,1680.93,416.62,79.52,240.48,1,-1,-1,-1
369,51,1796.24,401.98,105.31,318.21,1,-1,-1,-1
369,55,1745.19,363.46,129.74,391.47,1,-1,-1,-1
369,69,1457.33,391.77,101.89,307.52,1,-1,-1,-1
369,75,1543.55,400.50,105.27,317.70,1,-1,-1,-1
369,96,1090.77,363.16,136.42,411.35,1,-1,-1,-1
369,103,1682.24,417.01,79.01,238.94,1,-1,-1,-1
369,105,1.66,227.52,224.90,676.45,1,-1,-1,-1
370,51,1796.16,401.95,105.32,318.21,1,-1,-1,-1
370,55,1748.64,361.53,131.09,395.53,1,-1,-1,-1
370,69,1458.81,398.61,103.49,312.38,1,-1,-1,-1
370,75,1557.09,390.97,109.64,330.89,1,-1,-1,-1
370,96,1090.90,364.06,131.79,397.40,1,-1,-1,-1
370,103,1682.58,417.14,78.84,238.44,1,-1,-1,-1
370,105,38.70,228.03,223.97,673.66,1,-1,-1,-1
371,51,1791.64,391.28,110.16,332.79,1,-1,-1,-1
371,69,1459.92,396.22,99.36,299.92,1,-1,-1,-1
371,75,1562.59,398.28,106.30,320.82,1,-1,-1,-1
371,96,1087.61,363.29,136.14,410.52,1,-1,-1,-1
371,103,1687.17,428.47,75.25,227.60,1,-1,-1,-1
371,105,49.29,228.01,223.99,673.75,1,-1,-1,-1
372,51,1778.91,389.38,117.14,353.82,1,-1,-1,-1
372,69,1460.13,408.69,97.82,295.29,1,-1,-1,-1
372,75,1573.57,409.51,100.30,302.72,1,-1,-1,-1
372,96,1089.92,364.15,131.66,397.00,1,-1,-1,-1
372,103,1688.72,432.72,73.92,223.59,1,-1,-1,-1
372,105,80.18,247.55,213.23,641.37,1,-1,-1,-1
373,51,1773.94,388.67,119.83,361.90,1,-1,-1,-1
373,69,1453.69,393.60,107.14,323.43,1,-1,-1,-1
373,75,1577.44,413.66,98.08,296.04,1,-1,-1,-1
373,96,1087.46,363.36,136.08,410.30,1,-1,-1,-1
373,103,1689.17,434.19,73.47,222.24,1,-1,-1,-1
373,105,94.01,267.29,220.68,663.82,1,-1,-1,-1
374,51,1770.12,373.00,126.37,381.58,1,-1,-1,-1
374,55,1587.58,266.25,156.66,472.57,1,-1,-1,-1
374,69,1465.64,412.81,96.82,292.29,1,-1,-1,-1
374,75,1584.09,395.47,107.17,323.48,1,-1,-1,-1
374,96,1086.61,363.08,137.69,415.15,1,-1,-1,-1
374,103,1691.95,436.13,72.61,219.63,1,-1,-1,-1
374,105,123.12,261.12,212.79,640.10,1,-1,-1,-1
375,51,1768.66,366.94,128.87,389.08,1,-1,-1,-1
375,55,1576.31,256.95,159.70,481.75,1,-1,-1,-1
375,69,1470.40,420.80,92.52,279.35,1,-1,-1,-1
375,75,1586.45,389.04,110.39,333.18,1,-1,-1,-1
375,79,1456.66,388.35,129.64,391.24,1,-1,-1,-1
375,96,1086.37,362.98,138.29,416.95,1,-1,-1,-1
375,103,1699.12,444.93,69.35,209.81,1,-1,-1,-1
375,105,154.14,273.91,200.18,602.20,1,-1,-1,-1
376,51,1767.33,364.14,131.46,396.88,1,-1,-1,-1
376,69,1471.97,423.55,91.04,274.90,1,-1,-1,-1
376,75,1587.14,386.50,111.66,337.02,1,-1,-1,-1
376,79,1457.66,390.16,129.42,390.53,1,-1,-1,-1
376,96,1086.37,362.97,138.49,417.56,1,-1,-1,-1
376,103,1687.50,437.45,75.73,229.10,1,-1,-1,-1
376,105,191.65,278.09,195.89,589.32,1,-1,-1,-1
377,55,1578.13,288.58,151.32,456.42,1,-1,-1,-1
377,69,1477.26,418.31,95.00,286.85,1,-1,-1,-1
377,75,1600.66,396.32,107.21,323.59,1,-1,-1,-1
377,79,1460.91,390.40,130.38,393.43,1,-1,-1,-1
377,96,1068.16,362.97,138.55,417.72,1,-1,-1,-1
377,103,1688.96,438.93,75.51,228.45,1,-1,-1,-1
377,105,220.02,291.94,185.46,557.98,1,-1,-1,-1
378,55,1568.77,283.21,153.23,462.17,1,-1,-1,-1
378,69,1479.10,416.38,96.44,291.22,1,-1,-1,-1
378,75,1607.01,389.21,110.48,333.47,1,-1,-1,-1
378,96,1061.32,362.99,138.55,417.71,1,-1,-1,-1
378,105,239.81,283.69,191.21,575.31,1,-1,-1,-1
379,55,1592.15,286.61,158.05,476.63,1,-1,-1,-1
379,69,1479.66,415.59,97.01,292.96,1,-1,-1,-1
379,75,1609.22,386.63,111.67,337.06,1,-1,-1,-1
379,96,1049.92,340.79,145.09,437.41,1,-1,-1,-1
379,105,260.26,293.12,184.36,554.73,1,-1,-1,-1
379,110,905.00,519.24,39.00,119.00,1,-1,-1,-1
379,111,1002.97,158.94,218.74,658.45,1,-1,-1,-1
380,55,1585.80,282.05,160.22,483.18,1,-1,-1,-1
380,69,1480.03,406.96,101.90,307.70,1,-1,-1,-1
380,75,1608.54,396.45,107.18,323.51,1,-1,-1,-1
380,96,1045.74,332.51,147.52,444.73,1,-1,-1,-1
380,103,1759.83,442.93,65.32,197.68,1,-1,-1,-1
380,105,292.72,268.35,200.75,604.04,1,-1,-1,-1
380,110,905.00,521.19,39.00,119.00,1,-1,-1,-1
380,111,993.74,126.51,228.15,686.77,1,-1,-1,-1
381,69,1475.58,393.05,108.61,327.96,1,-1,-1,-1
381,75,1615.20,408.68,100.72,304.01,1,-1,-1,-1
381,96,1044.30,329.39,148.43,447.45,1,-1,-1,-1
381,103,1762.82,424.47,74.95,226.79,1,-1,-1,-1
381,105,303.97,259.76,206.43,621.14,1,-1,-1,-1
381,110,905.00,521.67,39.00,119.00,1,-1,-1,-1
382,69,1478.28,398.25,106.36,321.16,1,-1,-1,-1
382,75,1624.46,390.36,103.09,311.18,1,-1,-1,-1
382,96,1030.23,322.80,155.70,469.34,1,-1,-1,-1
382,103,1770.01,429.49,70.99,214.83,1,-1,-1,-1
382,105,320.03,271.06,199.45,600.16,1,-1,-1,-1
382,110,905.00,523.51,39.00,119.00,1,-1,-1,-1
383,55,1607.46,295.63,150.54,453.93,1,-1,-1,-1
383,69,1486.39,402.55,96.47,291.32,1,-1,-1,-1
383,75,1633.86,393.12,99.28,299.70,1,-1,-1,-1
383,96,1038.49,325.80,151.57,456.87,1,-1,-1,-1
383,103,1777.27,429.26,70.66,213.86,1,-1,-1,-1
383,105,340.07,260.39,206.22,620.54,1,-1,-1,-1
383,111,994.46,129.03,227.42,684.57,1,-1,-1,-1
384,55,1604.62,293.42,151.31,456.25,1,-1,-1,-1
384,69,1489.41,404.29,92.59,279.62,1,-1,-1,-1
384,75,1637.16,394.23,97.84,295.38,1,-1,-1,-1
384,96,1031.51,314.19,164.37,495.41,1,-1,-1,-1
384,105,357.91,271.21,199.44,600.16,1,-1,-1,-1
384,111,989.91,113.07,232.05,698.51,1,-1,-1,-1
385,55,1611.03,297.90,148.99,449.20,1,-1,-1,-1
385,69,1490.40,404.92,91.23,275.53,1,-1,-1,-1
385,75,1631.86,399.46,102.07,308.14,1,-1,-1,-1
385,96,1028.96,309.94,169.07,509.53,1,-1,-1,-1
385,105,380.60,260.38,206.26,620.69,1,-1,-1,-1
385,111,957.45,166.89,227.24,683.99,1,-1,-1,-1
386,55,1609.14,296.38,149.44,450.57,1,-1,-1,-1
386,69,1490.68,405.15,90.76,274.13,1,-1,-1,-1
386,75,1632.21,390.55,108.56,327.74,1,-1,-1,-1
386,96,1024.96,315.67,163.52,492.78,1,-1,-1,-1
386,103,1785.51,432.33,68.80,208.25,1,-1,-1,-1
386,105,411.97,300.09,175.35,527.72,1,-1,-1,-1
386,111,982.08,144.08,226.83,682.75,1,-1,-1,-1
387,69,1503.03,405.25,90.62,273.72,1,-1,-1,-1
387,75,1648.67,393.17,101.63,306.82,1,-1,-1,-1
387,96,1023.59,318.16,161.16,485.67,1,-1,-1,-1
387,103,1781.75,423.11,72.05,218.07,1,-1,-1,-1
387,105,419.13,308.13,170.96,514.55,1,-1,-1,-1
387,111,978.17,135.62,229.62,691.16,1,-1,-1,-1
388,69,1500.85,398.35,94.97,286.87,1,-1,-1,-1
388,75,1649.67,384.89,103.52,312.52,1,-1,-1,-1
388,96,1023.22,319.20,160.21,482.79,1,-1,-1,-1
388,103,1786.61,422.23,72.04,218.04,1,-1,-1,-1
388,105,444.70,310.70,169.56,510.37,1,-1,-1,-1
389,69,1499.98,395.83,96.59,291.74,1,-1,-1,-1
389,75,1655.20,391.12,99.56,300.60,1,-1,-1,-1
389,96,1023.21,319.68,159.81,481.56,1,-1,-1,-1
389,103,1757.41,419.53,73.29,221.83,1,-1,-1,-1
389,105,454.52,319.14,161.41,485.87,1,-1,-1,-1
389,111,971.00,142.34,240.47,723.76,1,-1,-1,-1
390,69,1512.45,394.89,97.21,293.63,1,-1,-1,-1
390,75,1657.07,393.58,98.05,296.03,1,-1,-1,-1
390,96,1004.00,312.47,167.14,503.63,1,-1,-1,-1
390,103,1758.72,418.46,73.41,222.19,1,-1,-1,-1
390,105,479.06,314.19,166.48,501.15,1,-1,-1,-1
390,111,967.17,136.56,243.86,733.96,1,-1,-1,-1
391,69,1517.13,394.57,97.45,294.35,1,-1,-1,-1
391,75,1657.59,394.50,97.50,294.40,1,-1,-1,-1
391,96,996.89,309.82,169.86,511.81,1,-1,-1,-1
391,103,1750.30,430.34,73.62,222.85,1,-1,-1,-1
391,105,505.59,325.60,153.50,462.12,1,-1,-1,-1
392,69,1524.49,401.32,93.22,281.58,1,-1,-1,-1
392,75,1657.63,407.97,97.32,293.87,1,-1,-1,-1
392,96,992.59,316.24,163.43,492.41,1,-1,-1,-1
392,103,1750.63,430.57,73.75,223.24,1,-1,-1,-1
392,105,519.09,305.84,172.60,519.65,1,-1,-1,-1
392,111,969.29,143.14,242.86,730.90,1,-1,-1,-1
393,69,1539.12,408.81,87.48,264.27,1,-1,-1,-1
393,75,1657.50,412.97,97.28,293.73,1,-1,-1,-1
393,96,991.19,318.89,160.80,484.51,1,-1,-1,-1
393,103,1754.90,432.36,69.81,211.32,1,-1,-1,-1
393,105,522.47,287.56,187.36,564.06,1,-1,-1,-1
393,111,966.42,139.14,245.48,738.79,1,-1,-1,-1
394,69,1544.68,406.66,89.54,270.49,1,-1,-1,-1
394,75,1670.41,401.69,97.28,293.74,1,-1,-1,-1
394,96,990.84,319.93,159.80,481.47,1,-1,-1,-1
394,103,1755.87,432.78,68.94,208.72,1,-1,-1,-1
394,105,548.20,292.02,184.78,556.32,1,-1,-1,-1
394,111,953.96,172.05,230.09,692.47,1,-1,-1,-1
395,55,1662.22,362.31,129.75,391.20,1,-1,-1,-1
395,69,1546.56,405.90,90.27,272.72,1,-1,-1,-1
395,75,1673.85,404.28,92.94,280.67,1,-1,-1,-1
395,96,990.88,320.35,159.40,480.27,1,-1,-1,-1
395,103,1756.63,433.18,68.60,207.68,1,-1,-1,-1
395,105,557.49,293.89,183.68,553.00,1,-1,-1,-1
395,111,950.99,178.86,226.98,683.08,1,-1,-1,-1
396,55,1665.35,366.49,128.50,387.44,1,-1,-1,-1
396,69,1542.18,398.73,94.91,286.73,1,-1,-1,-1
396,75,1676.22,411.53,95.75,289.15,1,-1,-1,-1
396,96,970.08,313.05,166.81,502.57,1,-1,-1,-1
396,103,1796.79,422.09,72.50,219.47,1,-1,-1,-1
396,105,560.42,282.57,191.90,577.74,1,-1,-1,-1
396,111,963.23,157.36,236.78,712.56,1,-1,-1,-1
397,69,1545.24,402.80,92.38,279.10,1,-1,-1,-1
397,75,1677.00,401.12,96.76,292.22,1,-1,-1,-1
397,96,962.22,317.70,162.13,488.46,1,-1,-1,-1
397,103,1813.84,440.12,64.05,193.95,1,-1,-1,-1
397,105,561.18,278.36,194.95,586.91,1,-1,-1,-1
397,111,954.83,172.75,229.76,691.40,1,-1,-1,-1
398,69,1546.23,404.45,91.37,276.06,1,-1,-1,-1
398,75,1688.02,403.95,92.83,280.38,1,-1,-1,-1
398,96,959.67,312.10,167.81,505.57,1,-1,-1,-1
398,103,1820.27,441.28,63.25,191.54,1,-1,-1,-1
398,105,584.58,288.66,187.54,564.63,1,-1,-1,-1
398,111,952.24,172.67,230.26,692.94,1,-1,-1,-1
399,69,1558.63,405.06,91.00,274.94,1,-1,-1,-1
399,75,1692.05,405.03,91.34,275.88,1,-1,-1,-1
399,96,958.62,317.44,162.44,489.39,1,-1,-1,-1
399,105,592.90,292.78,184.57,555.69,1,-1,-1,-1
399,111,928.45,152.15,239.13,719.60,1,-1,-1,-1
399,116,1189.21,450.49,58.76,178.26,1,-1,-1,-1
400,69,1563.12,405.29,90.87,274.55,1,-1,-1,-1
400,75,1705.70,405.40,90.82,274.32,1,-1,-1,-1
400,96,931.25,302.35,176.05,530.36,1,-1,-1,-1
400,105,614.81,304.00,175.31,527.83,1,-1,-1,-1
400,111,923.52,149.82,240.56,723.89,1,-1,-1,-1
400,116,1198.40,449.70,59.57,180.72,1,-1,-1,-1
401,55,1690.00,366.05,128.63,387.83,1,-1,-1,-1
401,69,1564.65,405.37,90.83,274.42,1,-1,-1,-1
401,75,1710.57,405.53,90.65,273.83,1,-1,-1,-1
401,96,925.86,306.25,173.12,521.52,1,-1,-1,-1
401,105,637.58,315.88,164.08,494.04,1,-1,-1,-1
401,111,944.15,174.42,228.93,688.90,1,-1,-1,-1
401,116,1199.68,447.34,66.32,201.18,1,-1,-1,-1
402,55,1713.84,365.85,122.70,370.00,1,-1,-1,-1
402,69,1565.05,405.39,90.82,274.40,1,-1,-1,-1
402,75,1712.17,405.55,90.61,273.73,1,-1,-1,-1
402,96,924.14,307.96,171.83,517.62,1,-1,-1,-1
402,105,653.10,312.41,167.84,505.37,1,-1,-1,-1
402,111,902.61,126.80,249.51,750.77,1,-1,-1,-1
402,116,1209.97,448.53,62.57,189.81,1,-1,-1,-1
403,55,1719.98,367.77,121.48,366.31,1,-1,-1,-1
403,69,1565.05,405.40,90.82,274.42,1,-1,-1,-1
403,75,1702.46,398.64,94.99,286.93,1,-1,-1,-1
403,79,1560.96,280.24,138.29,417.16,1,-1,-1,-1
403,96,901.18,308.66,171.29,515.99,1,-1,-1,-1
403,105,671.82,318.71,161.56,486.48,1,-1,-1,-1
403,111,896.00,121.96,251.84,757.80,1,-1,-1,-1
403,116,1211.01,444.36,63.86,193.71,1,-1,-1,-1
404,69,1564.92,405.40,90.83,274.44,1,-1,-1,-1
404,75,1711.63,396.09,96.61,291.83,1,-1,-1,-1
404,79,1564.85,275.73,138.55,417.94,1,-1,-1,-1
404,96,892.76,308.97,171.05,515.25,1,-1,-1,-1
404,105,694.53,330.69,145.25,437.42,1,-1,-1,-1
404,116,1213.96,447.52,61.36,186.14,1,-1,-1,-1
405,69,1576.92,405.39,90.83,274.47,1,-1,-1,-1
405,75,1712.09,401.91,92.95,280.78,1,-1,-1,-1
405,96,883.62,299.51,179.01,539.20,1,-1,-1,-1
405,105,707.07,324.95,153.81,463.21,1,-1,-1,-1
405,116,1221.02,444.15,63.30,192.02,1,-1,-1,-1
406,69,1581.33,405.38,90.84,274.49,1,-1,-1,-1
406,75,1715.07,397.27,95.90,289.69,1,-1,-1,-1
406,96,880.38,296.00,181.97,548.09,1,-1,-1,-1
406,103,1833.05,461.47,59.64,180.65,1,-1,-1,-1
406,105,699.34,315.55,164.20,494.50,1,-1,-1,-1
406,116,1225.14,443.14,64.07,194.33,1,-1,-1,-1
407,69,1582.84,405.38,90.85,274.52,1,-1,-1,-1
407,75,1725.11,402.38,92.68,279.99,1,-1,-1,-1
407,79,1702.70,331.33,129.95,391.98,1,-1,-1,-1
407,96,869.41,282.81,191.61,577.10,1,-1,-1,-1
407,103,1833.35,453.95,59.50,180.27,1,-1,-1,-1
407,105,718.34,311.98,168.14,506.38,1,-1,-1,-1
408,69,1592.64,410.15,86.81,262.33,1,-1,-1,-1
408,75,1732.77,397.46,95.80,289.41,1,-1,-1,-1
408,79,1720.00,334.16,129.21,389.76,1,-1,-1,-1
408,96,865.41,277.82,195.25,588.04,1,-1,-1,-1
408,103,1836.41,454.99,58.97,178.67,1,-1,-1,-1
408,105,735.46,317.96,162.21,488.54,1,-1,-1,-1
409,69,1596.17,411.96,85.27,257.70,1,-1,-1,-1
409,75,1731.61,402.46,92.66,279.91,1,-1,-1,-1
409,96,850.40,287.79,188.10,566.51,1,-1,-1,-1
409,105,750.01,318.82,161.63,486.79,1,-1,-1,-1
409,111,782.04,415.35,129.86,390.90,1,-1,-1,-1
410,69,1608.78,412.60,84.73,256.07,1,-1,-1,-1
410,75,1756.72,397.80,87.34,263.87,1,-1,-1,-1
410,79,1725.04,360.06,114.18,344.43,1,-1,-1,-1
410,96,844.91,291.91,185.14,557.58,1,-1,-1,-1
410,103,1843.84,450.74,59.43,180.09,1,-1,-1,-1
410,111,769.64,435.62,121.61,366.08,1,-1,-1,-1
410,116,1236.13,442.55,64.22,194.76,1,-1,-1,-1
411,69,1613.26,412.81,84.55,255.54,1,-1,-1,-1
411,75,1765.91,396.05,85.36,257.91,1,-1,-1,-1
411,79,1721.33,386.88,101.47,306.17,1,-1,-1,-1
411,96,843.14,293.51,183.98,554.07,1,-1,-1,-1
411,103,1845.01,450.11,59.48,180.28,1,-1,-1,-1
411,116,1239.70,441.88,64.69,196.21,1,-1,-1,-1
412,69,1614.73,412.86,84.51,255.42,1,-1,-1,-1
412,75,1746.87,395.14,93.23,281.67,1,-1,-1,-1
412,79,1732.80,395.00,97.75,294.94,1,-1,-1,-1
412,96,842.77,294.16,183.51,552.63,1,-1,-1,-1
412,103,1847.99,450.38,59.16,179.31,1,-1,-1,-1
413,69,1618.75,408.05,88.58,267.73,1,-1,-1,-1
413,75,1748.18,401.51,91.79,277.32,1,-1,-1,-1
413,96,830.97,282.38,191.97,578.09,1,-1,-1,-1
414,69,1620.14,406.27,90.09,272.29,1,-1,-1,-1
414,75,1736.30,404.10,91.20,275.55,1,-1,-1,-1
414,79,1780.81,389.50,90.93,274.46,1,-1,-1,-1
414,96,814.61,289.86,186.59,561.89,1,-1,-1,-1
415,69,1628.13,410.30,86.67,261.97,1,-1,-1,-1
415,75,1743.92,405.07,90.98,274.89,1,-1,-1,-1
415,79,1805.22,399.21,81.44,245.89,1,-1,-1,-1
415,96,794.83,280.82,193.08,581.41,1,-1,-1,-1
416,69,1630.99,411.88,85.34,257.94,1,-1,-1,-1
416,75,1746.71,405.42,90.90,274.65,1,-1,-1,-1
416,79,1807.54,391.96,87.08,262.95,1,-1,-1,-1
416,96,787.69,277.51,195.46,588.55,1,-1,-1,-1
417,55,1743.15,365.20,128.71,388.11,1,-1,-1,-1
417,69,1643.28,412.46,84.85,256.48,1,-1,-1,-1
417,75,1747.67,405.53,90.87,274.57,1,-1,-1,-1
417,79,1808.05,395.48,84.64,255.63,1,-1,-1,-1
417,96,785.30,276.31,196.32,591.14,1,-1,-1,-1
418,55,1743.57,365.06,128.95,388.85,1,-1,-1,-1
418,69,1647.67,412.66,84.68,255.97,1,-1,-1,-1
418,75,1747.95,405.55,90.86,274.56,1,-1,-1,-1
418,79,1812.41,400.42,79.97,241.57,1,-1,-1,-1
418,96,784.74,275.92,196.60,591.95,1,-1,-1,-1
419,55,1758.89,363.79,118.11,356.20,1,-1,-1,-1
419,69,1649.11,412.72,84.63,255.82,1,-1,-1,-1
419,75,1750.01,410.32,86.82,262.35,1,-1,-1,-1
419,79,1823.32,404.25,76.92,232.38,1,-1,-1,-1
419,96,772.68,243.38,215.80,649.71,1,-1,-1,-1
420,55,1748.89,364.54,125.20,377.58,1,-1,-1,-1
420,69,1642.50,407.93,88.67,268.04,1,-1,-1,-1
420,75,1750.70,412.12,85.28,257.71,1,-1,-1,-1
420,79,1807.43,397.69,82.84,250.29,1,-1,-1,-1
420,96,755.04,262.69,204.42,615.45,1,-1,-1,-1
421,55,1754.23,345.55,133.69,403.17,1,-1,-1,-1
421,69,1646.78,410.86,86.20,260.57,1,-1,-1,-1
421,75,1761.16,407.89,88.84,268.47,1,-1,-1,-1
421,79,1817.38,396.93,83.57,252.52,1,-1,-1,-1
421,96,748.34,271.10,199.44,600.45,1,-1,-1,-1
421,105,674.32,116.31,275.04,828.12,1,-1,-1,-1
422,55,1756.59,343.58,134.65,406.04,1,-1,-1,-1
422,69,1659.70,412.02,85.21,257.60,1,-1,-1,-1
422,75,1764.91,406.35,90.14,272.40,1,-1,-1,-1
422,79,1820.76,396.58,83.89,253.50,1,-1,-1,-1
422,96,725.81,259.46,206.87,622.79,1,-1,-1,-1
422,105,672.97,103.65,282.10,849.39,1,-1,-1,-1
422,111,896.58,329.52,148.38,446.76,1,-1,-1,-1
423,55,1766.25,339.54,130.53,393.61,1,-1,-1,-1
423,69,1664.37,412.45,84.85,256.50,1,-1,-1,-1
423,75,1778.71,410.48,86.63,261.80,1,-1,-1,-1
423,79,1827.86,398.31,82.61,249.64,1,-1,-1,-1
423,96,737.63,269.77,200.43,603.40,1,-1,-1,-1
423,105,670.27,106.13,280.80,845.28,1,-1,-1,-1
423,111,899.92,327.50,148.63,447.57,1,-1,-1,-1
424,55,1770.71,355.94,123.74,373.17,1,-1,-1,-1
424,69,1665.94,412.60,84.72,256.12,1,-1,-1,-1
424,75,1772.41,412.07,85.27,257.70,1,-1,-1,-1
424,79,1822.09,396.38,84.06,254.04,1,-1,-1,-1
424,96,722.48,259.10,207.15,623.60,1,-1,-1,-1
424,105,668.86,94.24,287.44,865.26,1,-1,-1,-1
424,111,915.03,330.80,142.49,429.15,1,-1,-1,-1
425,55,1773.91,355.64,123.48,372.38,1,-1,-1,-1
425,69,1666.36,412.65,84.68,255.99,1,-1,-1,-1
425,75,1768.70,407.80,88.87,268.58,1,-1,-1,-1
425,79,1821.61,396.15,84.23,254.57,1,-1,-1,-1
425,96,717.05,255.19,209.60,630.97,1,-1,-1,-1
425,105,627.44,146.56,281.56,847.44,1,-1,-1,-1
425,111,924.99,328.65,146.33,440.76,1,-1,-1,-1
426,69,1666.35,412.66,84.67,255.97,1,-1,-1,-1
426,75,1767.30,406.24,90.19,272.57,1,-1,-1,-1
426,79,1821.33,396.04,84.31,254.82,1,-1,-1,-1
426,96,689.85,236.09,220.36,663.33,1,-1,-1,-1
426,105,623.55,138.64,287.42,865.08,1,-1,-1,-1
426,111,941.54,350.51,129.88,391.28,1,-1,-1,-1
427,69,1677.53,412.66,84.67,255.98,1,-1,-1,-1
427,75,1779.12,410.36,86.69,262.00,1,-1,-1,-1
427,79,1822.26,390.35,88.43,267.25,1,-1,-1,-1
427,96,677.64,246.33,214.68,646.23,1,-1,-1,-1
427,105,584.06,150.69,267.02,803.57,1,-1,-1,-1
427,111,933.99,335.73,142.07,428.04,1,-1,-1,-1
428,69,1676.32,407.87,88.72,268.22,1,-1,-1,-1
428,75,1795.52,407.13,89.42,270.25,1,-1,-1,-1
428,79,1826.26,390.62,88.22,266.64,1,-1,-1,-1
428,96,645.69,232.82,222.22,668.89,1,-1,-1,-1
428,105,577.26,90.41,303.40,912.94,1,-1,-1,-1
428,111,954.66,353.30,133.89,403.44,1,-1,-1,-1
429,69,1680.97,410.78,86.26,260.78,1,-1,-1,-1
429,75,1801.00,410.68,86.40,261.15,1,-1,-1,-1
429,96,634.03,227.86,224.99,677.20,1,-1,-1,-1
429,105,570.69,79.18,310.19,933.37,1,-1,-1,-1
429,111,968.16,360.61,124.74,375.92,1,-1,-1,-1
430,69,1692.87,414.90,81.48,246.35,1,-1,-1,-1
430,75,1803.30,407.23,89.31,269.95,1,-1,-1,-1
430,96,600.56,226.08,225.98,680.16,1,-1,-1,-1
430,111,984.77,363.46,127.24,383.46,1,-1,-1,-1
431,69,1686.33,416.45,79.67,240.90,1,-1,-1,-1
431,75,1811.26,399.19,94.67,286.11,1,-1,-1,-1
431,96,588.13,225.55,226.27,681.02,1,-1,-1,-1
431,111,994.86,364.38,122.39,368.89,1,-1,-1,-1
432,69,1683.83,417.00,79.04,238.99,1,-1,-1,-1
432,75,1818.87,402.82,92.47,279.48,1,-1,-1,-1
432,79,1776.42,429.10,70.45,212.98,1,-1,-1,-1
432,96,585.75,243.20,216.41,651.34,1,-1,-1,-1
432,105,518.59,62.18,320.47,964.15,1,-1,-1,-1
432,111,993.76,364.81,126.42,381.06,1,-1,-1,-1
433,55,1775.24,400.41,105.25,317.45,1,-1,-1,-1
433,69,1683.15,402.72,82.65,249.90,1,-1,-1,-1
433,75,1820.43,409.09,87.52,264.53,1,-1,-1,-1
433,79,1774.65,432.65,68.76,207.87,1,-1,-1,-1
433,96,583.74,232.14,222.58,669.87,1,-1,-1,-1
433,105,488.72,98.37,306.82,923.02,1,-1,-1,-1
433,111,1003.22,345.47,134.01,403.92,1,-1,-1,-1
434,55,1776.60,403.68,103.77,312.99,1,-1,-1,-1
434,69,1692.98,411.64,80.24,242.63,1,-1,-1,-1
434,75,1821.99,406.64,89.73,271.20,1,-1,-1,-1
434,79,1780.05,430.89,64.60,195.36,1,-1,-1,-1
434,96,579.15,238.76,235.39,708.40,1,-1,-1,-1
434,105,477.83,92.44,311.12,935.95,1,-1,-1,-1
434,111,1006.60,338.19,136.87,412.56,1,-1,-1,-1
435,69,1707.40,415.20,79.30,239.82,1,-1,-1,-1
435,75,1821.28,410.51,86.50,261.46,1,-1,-1,-1
435,79,1766.18,421.80,74.33,224.81,1,-1,-1,-1
435,96,556.35,248.29,220.09,662.36,1,-1,-1,-1
435,111,1014.58,337.78,131.93,397.70,1,-1,-1,-1
436,55,1735.02,416.18,81.81,246.89,1,-1,-1,-1
436,69,1691.58,402.09,82.78,250.33,1,-1,-1,-1
436,75,1824.98,414.98,81.43,246.14,1,-1,-1,-1
436,79,1772.49,420.42,73.81,223.26,1,-1,-1,-1
436,96,537.66,244.99,234.67,706.22,1,-1,-1,-1
436,111,1034.56,355.04,129.97,391.80,1,-1,-1,-1
437,55,1729.53,417.74,78.93,238.30,1,-1,-1,-1
437,69,1693.64,400.87,82.79,250.35,1,-1,-1,-1
437,75,1826.16,416.62,79.55,240.48,1,-1,-1,-1
437,79,1775.27,419.77,73.62,222.70,1,-1,-1,-1
437,96,531.02,243.82,239.86,721.80,1,-1,-1,-1
437,111,1041.68,361.50,129.25,389.63,1,-1,-1,-1
438,55,1730.84,415.10,82.12,247.99,1,-1,-1,-1
438,75,1826.46,417.18,78.91,238.55,1,-1,-1,-1
438,79,1774.19,420.46,73.29,221.72,1,-1,-1,-1
438,96,497.51,243.39,241.80,727.64,1,-1,-1,-1
438,111,1044.01,363.92,128.98,388.84,1,-1,-1,-1
439,55,1731.33,414.17,83.23,251.36,1,-1,-1,-1
439,75,1826.45,417.35,78.70,237.95,1,-1,-1,-1
439,96,484.99,243.24,242.46,729.59,1,-1,-1,-1
439,111,1062.70,364.72,123.15,371.28,1,-1,-1,-1
440,55,1731.66,413.71,83.73,252.93,1,-1,-1,-1
440,75,1826.33,417.38,78.66,237.84,1,-1,-1,-1
440,96,480.72,243.21,242.62,730.06,1,-1,-1,-1
440,111,1068.43,365.07,126.79,382.27,1,-1,-1,-1
441,55,1743.43,413.46,83.99,253.74,1,-1,-1,-1
441,75,1826.19,417.36,78.67,237.89,1,-1,-1,-1
441,96,468.39,220.59,253.97,764.17,1,-1,-1,-1
441,111,1087.18,365.10,122.40,369.04,1,-1,-1,-1
442,55,1744.41,416.28,80.30,242.62,1,-1,-1,-1
442,75,1826.05,417.32,78.70,237.99,1,-1,-1,-1
442,96,443.82,234.36,247.01,743.22,1,-1,-1,-1
442,111,1094.17,365.16,126.55,381.55,1,-1,-1,-1
443,55,1744.78,417.26,78.98,238.68,1,-1,-1,-1
443,75,1805.59,425.86,68.80,208.11,1,-1,-1,-1
443,96,421.20,217.20,255.52,768.79,1,-1,-1,-1
443,111,1096.52,365.16,128.06,386.11,1,-1,-1,-1
444,55,1748.39,414.55,82.44,249.13,1,-1,-1,-1
444,75,1804.73,427.33,67.16,203.13,1,-1,-1,-1
444,96,396.33,184.43,270.70,814.42,1,-1,-1,-1
444,111,1112.74,365.07,122.94,370.70,1,-1,-1,-1
444,127,1367.14,447.41,66.74,202.30,1,-1,-1,-1
445,55,1757.92,427.67,76.40,230.93,1,-1,-1,-1
445,79,1818.31,388.54,90.00,272.22,1,-1,-1,-1
445,96,387.13,171.92,276.47,831.74,1,-1,-1,-1
445,111,1118.49,365.00,120.97,364.78,1,-1,-1,-1
445,127,1366.12,446.97,68.71,208.26,1,-1,-1,-1
446,55,1760.52,421.09,77.76,235.07,1,-1,-1,-1
446,79,1820.83,386.72,90.97,275.11,1,-1,-1,-1
446,96,367.31,193.48,266.61,802.06,1,-1,-1,-1
446,105,296.58,-70.03,366.23,1101.51,1,-1,-1,-1
446,111,1136.46,364.97,120.27,362.68,1,-1,-1,-1
446,127,1374.82,444.03,65.93,199.86,1,-1,-1,-1
447,55,1761.39,418.78,78.25,236.57,1,-1,-1,-1
447,79,1817.04,378.57,95.52,288.81,1,-1,-1,-1
447,96,340.81,175.47,274.75,826.52,1,-1,-1,-1
447,105,282.58,-81.56,370.74,1115.08,1,-1,-1,-1
447,111,1142.75,364.94,120.04,361.98,1,-1,-1,-1
447,127,1379.03,445.75,68.10,206.40,1,-1,-1,-1
448,55,1764.62,410.09,86.36,261.07,1,-1,-1,-1
448,79,1815.52,375.49,97.25,294.01,1,-1,-1,-1
448,96,331.29,168.89,277.71,835.41,1,-1,-1,-1
448,111,1144.71,364.92,119.98,361.81,1,-1,-1,-1
448,127,1388.36,443.70,65.63,198.94,1,-1,-1,-1
449,55,1762.94,424.65,81.73,247.11,1,-1,-1,-1
449,79,1814.82,374.37,97.89,295.90,1,-1,-1,-1
449,96,328.25,166.53,278.74,838.47,1,-1,-1,-1
449,111,1145.07,364.90,119.98,361.82,1,-1,-1,-1
449,127,1391.69,442.95,64.64,195.91,1,-1,-1,-1
449,128,41.04,276.78,195.98,589.95,1,-1,-1,-1
450,55,1743.13,421.28,76.25,230.57,1,-1,-1,-1
450,79,1795.86,387.02,89.92,271.82,1,-1,-1,-1
450,96,313.06,192.44,266.87,802.75,1,-1,-1,-1
450,111,1161.01,364.88,120.00,361.90,1,-1,-1,-1
450,127,1401.65,442.71,64.26,194.78,1,-1,-1,-1
450,128,44.43,259.66,206.73,622.32,1,-1,-1,-1
451,55,1733.21,407.69,77.86,235.45,1,-1,-1,-1
451,79,1788.20,392.22,86.65,261.95,1,-1,-1,-1
451,96,285.80,175.61,274.49,825.64,1,-1,-1,-1
451,111,1166.68,364.87,120.03,361.99,1,-1,-1,-1
451,127,1405.11,451.47,64.11,194.34,1,-1,-1,-1
451,128,45.24,254.17,210.19,632.71,1,-1,-1,-1
452,55,1731.27,406.76,77.26,233.62,1,-1,-1,-1
452,79,1773.99,394.15,85.45,258.33,1,-1,-1,-1
452,96,239.76,169.51,277.24,833.91,1,-1,-1,-1
452,111,1175.12,365.03,119.60,360.72,1,-1,-1,-1
452,127,1408.36,448.54,67.17,203.60,1,-1,-1,-1
452,128,74.83,252.56,211.20,635.75,1,-1,-1,-1
453,79,1773.16,381.46,93.43,282.44,1,-1,-1,-1
453,96,222.66,167.30,278.22,836.83,1,-1,-1,-1
453,111,1188.05,364.86,120.04,362.05,1,-1,-1,-1
453,127,1415.88,444.92,65.25,197.77,1,-1,-1,-1
453,128,85.25,252.27,211.38,636.29,1,-1,-1,-1
454,75,1795.59,381.82,103.70,313.54,1,-1,-1,-1
454,79,1755.71,384.35,92.14,278.52,1,-1,-1,-1
454,96,188.21,174.46,291.59,877.01,1,-1,-1,-1
454,111,1199.21,378.98,114.63,345.73,1,-1,-1,-1
454,127,1418.56,443.48,64.47,195.40,1,-1,-1,-1
454,128,95.27,248.20,213.94,643.98,1,-1,-1,-1
455,75,1794.05,376.86,101.18,305.89,1,-1,-1,-1
455,79,1748.75,385.63,91.56,276.75,1,-1,-1,-1
455,96,167.91,169.50,283.71,853.30,1,-1,-1,-1
455,111,1200.42,369.99,124.02,374.05,1,-1,-1,-1
455,127,1419.37,442.96,64.17,194.50,1,-1,-1,-1
456,75,1793.38,374.72,99.58,301.01,1,-1,-1,-1
456,79,1738.03,378.46,95.62,289.02,1,-1,-1,-1
456,96,161.03,167.67,280.39,843.29,1,-1,-1,-1
456,111,1217.84,380.27,116.49,351.36,1,-1,-1,-1
456,127,1428.18,442.78,64.06,194.15,1,-1,-1,-1
457,75,1793.14,373.99,98.86,298.81,1,-1,-1,-1
457,79,1734.10,375.81,97.13,293.56,1,-1,-1,-1
457,96,127.69,175.01,292.24,878.91,1,-1,-1,-1
457,111,1224.25,384.39,113.41,342.10,1,-1,-1,-1
457,127,1431.31,442.73,64.01,194.02,1,-1,-1,-1
458,75,1780.83,377.48,103.04,311.41,1,-1,-1,-1
458,79,1723.82,366.90,107.14,323.77,1,-1,-1,-1
458,96,115.69,177.77,296.61,892.03,1,-1,-1,-1
458,111,1236.28,371.79,117.75,355.18,1,-1,-1,-1
458,127,1432.30,442.72,63.99,193.97,1,-1,-1,-1
459,75,1788.25,375.20,100.16,302.69,1,-1,-1,-1
459,79,1728.64,371.25,101.75,307.46,1,-1,-1,-1
459,96,75.79,145.63,312.12,938.66,1,-1,-1,-1
459,111,1240.47,367.21,119.32,359.93,1,-1,-1,-1
459,127,1441.14,442.73,63.99,193.95,1,-1,-1,-1
460,75,1778.52,374.41,98.91,298.89,1,-1,-1,-1
460,79,1715.09,380.97,95.03,287.16,1,-1,-1,-1
460,96,61.04,133.42,317.97,956.21,1,-1,-1,-1
460,111,1241.69,365.46,119.94,361.78,1,-1,-1,-1
460,127,1444.30,442.74,63.99,193.95,1,-1,-1,-1
461,75,1769.35,381.82,94.12,284.40,1,-1,-1,-1
461,79,1710.18,384.75,92.42,279.26,1,-1,-1,-1
461,96,50.74,154.07,293.40,882.33,1,-1,-1,-1
461,111,1249.58,364.88,119.99,361.94,1,-1,-1,-1
461,127,1453.93,442.76,63.98,193.94,1,-1,-1,-1
462,55,1819.81,418.52,73.65,222.76,1,-1,-1,-1
462,75,1758.41,377.01,96.56,291.77,1,-1,-1,-1
462,79,1696.25,398.43,91.45,276.35,1,-1,-1,-1
462,96,50.84,170.74,296.69,892.20,1,-1,-1,-1
462,111,1261.07,364.67,120.21,362.62,1,-1,-1,-1
462,127,1457.38,442.77,63.98,193.94,1,-1,-1,-1
463,55,1823.26,419.02,73.55,222.47,1,-1,-1,-1
463,75,1754.46,375.28,97.44,294.43,1,-1,-1,-1
463,79,1690.11,399.76,91.48,276.43,1,-1,-1,-1
463,96,11.91,143.08,311.91,937.95,1,-1,-1,-1
463,111,1264.45,364.56,120.27,362.79,1,-1,-1,-1
463,127,1458.49,442.78,63.98,193.94,1,-1,-1,-1
464,55,1824.41,419.19,73.51,222.37,1,-1,-1,-1
464,75,1748.42,394.33,93.47,282.43,1,-1,-1,-1
464,79,1677.26,396.29,96.17,290.59,1,-1,-1,-1
464,96,-8.40,139.57,315.12,947.60,1,-1,-1,-1
464,111,1269.47,378.36,114.94,346.73,1,-1,-1,-1
464,127,1462.88,442.64,63.98,193.94,1,-1,-1,-1
465,55,1824.65,419.23,73.50,222.38,1,-1,-1,-1
465,75,1737.93,381.77,96.25,290.82,1,-1,-1,-1
465,79,1660.22,402.57,92.85,280.57,1,-1,-1,-1
465,111,1283.23,369.56,118.35,357.01,1,-1,-1,-1
466,55,1824.56,419.23,73.51,222.42,1,-1,-1,-1
466,75,1744.34,390.34,88.98,268.87,1,-1,-1,-1
466,79,1654.15,404.88,91.59,276.77,1,-1,-1,-1
466,111,1289.66,377.07,109.31,329.78,1,-1,-1,-1
466,129,254.32,253.56,210.55,633.95,1,-1,-1,-1
467,55,1826.16,417.88,77.06,233.14,1,-1,-1,-1
467,75,1749.94,380.13,94.66,286.02,1,-1,-1,-1
467,79,1646.91,410.49,87.05,263.06,1,-1,-1,-1
467,111,1292.96,383.18,110.92,334.65,1,-1,-1,-1
467,129,284.26,282.28,191.35,576.13,1,-1,-1,-1
468,55,1834.60,418.68,74.91,226.66,1,-1,-1,-1
468,75,1747.74,378.99,95.12,287.40,1,-1,-1,-1
468,79,1637.51,407.64,89.48,270.41,1,-1,-1,-1
468,111,1306.76,382.22,106.48,321.27,1,-1,-1,-1
468,129,294.62,292.92,184.23,554.70,1,-1,-1,-1
469,55,1837.70,418.98,74.06,224.09,1,-1,-1,-1
469,79,1629.91,411.36,86.32,260.86,1,-1,-1,-1
469,111,1313.89,384.92,109.94,331.72,1,-1,-1,-1
469,129,298.56,266.13,202.15,608.63,1,-1,-1,-1
470,55,1840.29,428.25,70.44,213.17,1,-1,-1,-1
470,75,1700.16,385.31,91.73,277.18,1,-1,-1,-1
470,79,1627.45,412.71,85.11,257.22,1,-1,-1,-1
470,111,1314.45,372.06,116.54,351.61,1,-1,-1,-1
470,127,1480.77,449.22,59.91,181.61,1,-1,-1,-1
470,129,313.10,272.69,198.38,597.30,1,-1,-1,-1
471,55,1841.06,431.73,69.08,209.08,1,-1,-1,-1
471,75,1681.03,391.91,95.71,289.18,1,-1,-1,-1
471,79,1619.00,408.30,88.78,268.33,1,-1,-1,-1
471,111,1327.75,377.74,108.89,328.56,1,-1,-1,-1
471,127,1483.07,444.85,62.70,190.07,1,-1,-1,-1
471,129,318.11,275.38,196.83,592.60,1,-1,-1,-1
472,55,1841.20,432.94,68.61,207.66,1,-1,-1,-1
472,75,1678.61,394.36,88.72,268.10,1,-1,-1,-1
472,79,1612.45,411.40,86.12,260.30,1,-1,-1,-1
472,111,1335.86,367.90,110.90,334.61,1,-1,-1,-1
472,127,1483.91,443.53,63.54,192.61,1,-1,-1,-1
472,129,334.97,261.06,205.86,619.80,1,-1,-1,-1
473,55,1841.14,433.33,68.45,207.21,1,-1,-1,-1
473,75,1678.22,395.29,85.94,259.71,1,-1,-1,-1
473,79,1601.71,407.72,89.18,269.55,1,-1,-1,-1
473,111,1335.36,376.28,106.63,321.77,1,-1,-1,-1
473,127,1484.10,443.04,63.86,193.57,1,-1,-1,-1
473,129,351.95,270.77,199.78,601.47,1,-1,-1,-1
473,131,1783.90,418.86,68.64,207.93,1,-1,-1,-1
474,55,1841.00,433.42,68.42,207.12,1,-1,-1,-1
474,75,1660.92,395.30,93.51,282.58,1,-1,-1,-1
474,79,1598.58,414.00,82.56,249.54,1,-1,-1,-1
474,111,1338.05,367.43,110.09,332.21,1,-1,-1,-1
474,127,1489.92,445.39,67.02,203.15,1,-1,-1,-1
474,129,357.91,274.67,197.33,594.09,1,-1,-1,-1
474,131,1783.90,418.86,68.64,207.93,1,-1,-1,-1
475,55,1840.84,433.40,68.42,207.15,1,-1,-1,-1
475,75,1654.40,390.13,91.96,277.89,1,-1,-1,-1
475,79,1594.39,413.41,83.83,253.40,1,-1,-1,-1
475,111,1349.54,376.07,106.39,321.06,1,-1,-1,-1
475,127,1500.55,448.17,62.42,189.22,1,-1,-1,-1
475,129,359.68,276.12,196.42,591.34,1,-1,-1,-1
475,131,1783.90,418.86,68.64,207.93,1,-1,-1,-1
476,55,1840.70,433.35,68.44,207.22,1,-1,-1,-1
476,75,1661.44,384.09,100.30,303.07,1,-1,-1,-1
476,79,1593.59,401.49,92.70,280.19,1,-1,-1,-1
476,111,1353.61,379.46,104.97,316.79,1,-1,-1,-1
476,127,1495.70,447.31,66.56,201.76,1,-1,-1,-1
476,129,375.10,298.67,179.07,539.11,1,-1,-1,-1
476,131,1790.00,408.27,72.19,218.67,1,-1,-1,-1
477,55,1840.56,433.29,68.46,207.30,1,-1,-1,-1
477,75,1643.04,390.78,98.88,298.74,1,-1,-1,-1
477,79,1581.87,408.37,87.86,265.57,1,-1,-1,-1
477,111,1354.86,380.70,104.47,315.30,1,-1,-1,-1
477,127,1498.72,447.53,66.95,202.94,1,-1,-1,-1
477,129,373.61,297.12,180.96,544.82,1,-1,-1,-1
477,131,1792.10,404.63,73.41,222.36,1,-1,-1,-1
478,55,1840.45,433.23,68.49,207.37,1,-1,-1,-1
478,75,1636.37,400.34,93.94,283.83,1,-1,-1,-1
478,79,1566.03,411.25,85.81,259.38,1,-1,-1,-1
478,111,1359.36,384.23,109.34,330.00,1,-1,-1,-1
478,129,390.72,284.24,190.49,573.50,1,-1,-1,-1
478,131,1793.23,401.32,77.43,234.50,1,-1,-1,-1
479,55,1840.35,433.18,68.51,207.43,1,-1,-1,-1
479,75,1629.77,408.85,87.90,265.60,1,-1,-1,-1
479,79,1549.03,412.30,85.05,257.09,1,-1,-1,-1
479,111,1370.48,382.48,106.22,320.58,1,-1,-1,-1
479,129,408.31,301.08,177.31,533.84,1,-1,-1,-1
479,131,1793.19,412.03,75.39,228.31,1,-1,-1,-1
480,55,1840.26,433.13,68.52,207.49,1,-1,-1,-1
480,75,1627.69,411.95,85.65,258.81,1,-1,-1,-1
480,79,1543.02,412.67,84.78,256.27,1,-1,-1,-1
480,111,1374.49,381.74,105.00,316.91,1,-1,-1,-1
480,129,409.60,297.74,180.49,543.43,1,-1,-1,-1
480,131,1803.13,414.99,68.06,206.12,1,-1,-1,-1
481,55,1849.39,433.09,68.54,207.55,1,-1,-1,-1
481,75,1619.29,408.13,88.98,268.89,1,-1,-1,-1
481,79,1541.11,412.79,84.68,255.99,1,-1,-1,-1
481,111,1389.80,381.44,104.56,315.59,1,-1,-1,-1
481,129,429.22,284.35,190.40,573.24,1,-1,-1,-1
481,131,1800.15,417.57,68.42,207.22,1,-1,-1,-1
482,55,1852.77,433.06,68.55,207.59,1,-1,-1,-1
482,75,1604.28,406.72,90.19,272.54,1,-1,-1,-1
482,79,1540.70,412.81,84.65,255.91,1,-1,-1,-1
482,111,1398.71,390.58,99.74,301.06,1,-1,-1,-1
482,129,436.27,279.36,194.08,584.33,1,-1,-1,-1
482,131,1799.10,418.45,68.54,207.60,1,-1,-1,-1
483,55,1853.97,433.03,68.56,207.63,1,-1,-1,-1
483,75,1570.61,399.29,94.98,287.00,1,-1,-1,-1
483,79,1529.44,412.80,84.65,255.91,1,-1,-1,-1
483,111,1398.18,384.57,102.70,309.99,1,-1,-1,-1
483,129,443.61,289.40,186.90,562.71,1,-1,-1,-1
483,131,1800.38,418.60,68.47,207.39,1,-1,-1,-1
484,55,1854.34,433.00,68.57,207.67,1,-1,-1,-1
484,75,1583.14,407.88,88.57,267.65,1,-1,-1,-1
484,79,1537.21,407.99,88.71,268.17,1,-1,-1,-1
484,111,1397.87,382.41,103.77,313.22,1,-1,-1,-1
484,129,471.97,303.10,175.87,529.52,1,-1,-1,-1
484,131,1798.61,418.84,68.60,207.77,1,-1,-1,-1
485,55,1854.40,432.97,68.58,207.70,1,-1,-1,-1
485,75,1574.91,408.77,88.38,267.07,1,-1,-1,-1
485,79,1562.20,410.90,86.24,260.72,1,-1,-1,-1
485,111,1411.43,381.57,104.19,314.51,1,-1,-1,-1
485,129,482.02,308.19,171.77,517.20,1,-1,-1,-1
485,131,1798.34,418.91,68.62,207.84,1,-1,-1,-1
486,55,1854.36,432.95,68.59,207.73,1,-1,-1,-1
486,75,1522.06,411.95,85.50,258.40,1,-1,-1,-1
486,79,1572.37,412.05,85.25,257.74,1,-1,-1,-1
486,111,1416.34,381.24,104.36,315.04,1,-1,-1,-1
486,129,485.23,309.94,170.35,512.94,1,-1,-1,-1
486,131,1807.51,418.93,68.63,207.86,1,-1,-1,-1
487,55,1854.28,432.93,68.60,207.75,1,-1,-1,-1
487,75,1521.04,407.76,89.06,269.15,1,-1,-1,-1
487,79,1569.78,415.43,81.10,245.18,1,-1,-1,-1
487,111,1420.44,390.34,99.79,301.24,1,-1,-1,-1
487,129,484.45,300.69,178.14,536.38,1,-1,-1,-1
487,131,1810.89,418.93,68.63,207.87,1,-1,-1,-1
488,55,1858.09,430.98,65.54,198.52,1,-1,-1,-1
488,75,1509.36,408.29,89.04,269.10,1,-1,-1,-1
488,79,1563.80,413.69,83.38,252.10,1,-1,-1,-1
488,111,1426.53,387.54,107.86,325.60,1,-1,-1,-1
488,129,480.63,285.28,189.63,570.97,1,-1,-1,-1
488,131,1809.24,419.02,71.92,217.84,1,-1,-1,-1
489,55,1859.47,430.23,64.38,195.02,1,-1,-1,-1
489,79,1550.76,408.29,88.24,266.77,1,-1,-1,-1
489,111,1436.73,392.55,101.32,305.87,1,-1,-1,-1
489,129,495.14,247.45,212.86,640.86,1,-1,-1,-1
489,131,1808.59,419.05,73.15,221.53,1,-1,-1,-1
490,55,1861.01,430.13,63.88,193.49,1,-1,-1,-1
490,79,1545.57,410.94,86.11,260.33,1,-1,-1,-1
490,111,1440.39,394.53,98.64,297.79,1,-1,-1,-1
490,129,511.01,284.59,187.54,564.64,1,-1,-1,-1
490,131,1811.07,418.96,70.37,213.12,1,-1,-1,-1
491,79,1543.69,412.01,85.24,257.71,1,-1,-1,-1
491,111,1454.72,395.22,97.68,294.91,1,-1,-1,-1
491,129,516.94,301.25,176.19,530.49,1,-1,-1,-1
491,131,1811.96,418.92,69.26,209.77,1,-1,-1,-1
491,136,53.84,208.94,258.92,778.76,1,-1,-1,-1
492,79,1543.11,412.41,84.91,256.72,1,-1,-1,-1
492,111,1459.75,395.42,97.35,293.92,1,-1,-1,-1
492,129,518.75,307.19,172.15,518.34,1,-1,-1,-1
492,131,1812.24,418.91,68.85,208.52,1,-1,-1,-1
492,136,58.30,177.81,273.13,821.48,1,-1,-1,-1
493,79,1559.28,426.09,81.01,244.94,1,-1,-1,-1
493,111,1461.34,395.46,97.25,293.63,1,-1,-1,-1
493,129,519.13,309.28,170.72,514.06,1,-1,-1,-1
493,131,1818.06,417.57,65.62,198.77,1,-1,-1,-1
493,136,93.96,197.07,264.34,795.05,1,-1,-1,-1
494,79,1576.37,431.28,79.53,240.47,1,-1,-1,-1
494,111,1461.68,395.44,97.23,293.60,1,-1,-1,-1
494,129,541.96,310.00,170.24,512.61,1,-1,-1,-1
494,131,1814.33,418.41,67.53,204.54,1,-1,-1,-1
494,136,111.53,175.49,274.19,824.66,1,-1,-1,-1
495,79,1581.50,433.73,75.43,228.11,1,-1,-1,-1
495,111,1461.56,395.39,97.25,293.65,1,-1,-1,-1
495,129,562.50,323.42,155.31,467.71,1,-1,-1,-1
495,131,1822.21,418.71,68.22,206.63,1,-1,-1,-1
495,136,127.28,168.49,277.38,834.27,1,-1,-1,-1
496,79,1583.29,435.83,74.43,225.07,1,-1,-1,-1
496,111,1461.31,395.35,97.27,293.73,1,-1,-1,-1
496,129,558.70,304.65,173.50,522.46,1,-1,-1,-1
496,131,1825.16,418.83,68.48,207.44,1,-1,-1,-1
497,111,1474.10,395.30,97.30,293.82,1,-1,-1,-1
497,129,567.89,320.62,157.31,473.75,1,-1,-1,-1
497,131,1826.20,418.87,68.59,207.75,1,-1,-1,-1
498,111,1486.21,389.95,92.97,280.78,1,-1,-1,-1
498,127,1425.57,412.90,84.50,255.99,1,-1,-1,-1
498,129,576.83,321.46,157.93,475.61,1,-1,-1,-1
498,131,1826.52,418.88,68.63,207.87,1,-1,-1,-1
498,139,283.59,261.14,128.66,387.51,1,-1,-1,-1
499,111,1490.52,387.89,91.35,275.88,1,-1,-1,-1
499,127,1424.07,415.06,81.10,245.62,1,-1,-1,-1
499,129,593.95,327.37,151.01,454.81,1,-1,-1,-1
499,131,1826.56,418.88,68.64,207.91,1,-1,-1,-1
499,139,291.73,258.46,151.86,457.39,1,-1,-1,-1
500,111,1497.53,392.53,95.19,287.49,1,-1,-1,-1
500,127,1413.01,415.91,79.83,241.71,1,-1,-1,-1
500,129,590.30,316.03,163.56,492.61,1,-1,-1,-1
500,131,1826.52,418.88,68.65,207.93,1,-1,-1,-1
500,139,316.61,257.72,158.51,477.44,1,-1,-1,-1
501,111,1499.96,394.22,96.59,291.73,1,-1,-1,-1
501,127,1409.02,416.27,79.35,240.22,1,-1,-1,-1
501,129,605.25,319.44,160.50,483.42,1,-1,-1,-1
501,131,1826.44,418.88,68.65,207.93,1,-1,-1,-1
501,136,333.50,248.63,214.09,643.97,1,-1,-1,-1
501,139,334.43,258.16,164.33,494.96,1,-1,-1,-1
502,79,1462.87,418.35,78.57,237.62,1,-1,-1,-1
502,111,1500.65,394.85,97.14,293.40,1,-1,-1,-1
502,127,1407.67,416.44,79.16,239.63,1,-1,-1,-1
502,129,616.91,313.22,166.93,502.76,1,-1,-1,-1
502,131,1826.36,418.88,68.65,207.94,1,-1,-1,-1
502,136,343.32,254.12,210.05,631.83,1,-1,-1,-1
503,79,1455.68,417.26,78.84,238.43,1,-1,-1,-1
503,111,1500.69,395.08,97.36,294.05,1,-1,-1,-1
503,127,1396.71,427.15,79.08,239.38,1,-1,-1,-1
503,129,621.02,310.91,169.30,509.91,1,-1,-1,-1
503,131,1826.29,418.88,68.65,207.94,1,-1,-1,-1
503,136,364.37,236.73,219.38,659.93,1,-1,-1,-1
504,79,1446.13,416.66,78.77,238.22,1,-1,-1,-1
504,111,1513.51,395.15,97.44,294.30,1,-1,-1,-1
504,127,1424.88,417.66,82.83,250.68,1,-1,-1,-1
504,129,628.53,322.96,155.72,469.04,1,-1,-1,-1
504,131,1826.22,418.88,68.65,207.94,1,-1,-1,-1
504,136,383.29,249.00,212.43,639.04,1,-1,-1,-1
505,111,1518.17,395.16,97.47,294.40,1,-1,-1,-1
505,127,1440.34,428.01,77.06,233.23,1,-1,-1,-1
505,129,639.72,321.97,157.63,474.79,1,-1,-1,-1
505,131,1835.34,418.87,68.65,207.94,1,-1,-1,-1
505,136,394.42,212.83,231.45,696.26,1,-1,-1,-1
506,111,1532.74,395.15,97.49,294.44,1,-1,-1,-1
506,127,1446.58,432.20,74.71,226.13,1,-1,-1,-1
506,129,643.51,321.61,158.31,476.84,1,-1,-1,-1
506,131,1838.75,418.87,68.65,207.93,1,-1,-1,-1
506,136,410.82,221.26,227.52,684.46,1,-1,-1,-1
507,111,1542.56,395.42,89.12,269.21,1,-1,-1,-1
507,127,1448.79,433.69,73.87,223.59,1,-1,-1,-1
507,129,655.77,327.03,151.51,456.39,1,-1,-1,-1
507,131,1839.96,418.87,68.65,207.93,1,-1,-1,-1
507,136,415.92,224.80,225.94,679.72,1,-1,-1,-1
507,146,1374.32,433.70,73.69,223.20,1,-1,-1,-1
508,111,1545.91,407.25,85.88,259.45,1,-1,-1,-1
508,127,1433.40,422.84,77.14,233.48,1,-1,-1,-1
508,129,659.98,329.05,148.95,448.70,1,-1,-1,-1
508,131,1840.35,418.87,68.65,207.93,1,-1,-1,-1
508,136,447.24,226.17,225.36,677.99,1,-1,-1,-1
508,146,1364.09,432.59,77.84,235.76,1,-1,-1,-1
509,111,1547.23,406.49,88.93,268.67,1,-1,-1,-1
509,127,1427.31,415.97,82.08,248.39,1,-1,-1,-1
509,129,661.21,329.74,148.07,446.05,1,-1,-1,-1
509,131,1840.43,418.87,68.65,207.93,1,-1,-1,-1
509,136,458.18,226.72,225.16,677.40,1,-1,-1,-1
509,146,1360.75,432.32,79.18,239.80,1,-1,-1,-1
510,111,1552.90,407.85,88.28,266.70,1,-1,-1,-1
510,127,1413.98,413.36,83.96,254.07,1,-1,-1,-1
510,129,661.37,329.95,147.79,445.23,1,-1,-1,-1
510,131,1844.87,426.14,65.59,198.69,1,-1,-1,-1
510,136,450.85,205.49,235.88,709.63,1,-1,-1,-1
510,146,1358.71,432.98,75.85,229.71,1,-1,-1,-1
511,111,1557.50,398.02,95.36,288.09,1,-1,-1,-1
511,127,1375.34,412.38,84.68,256.23,1,-1,-1,-1
511,129,657.69,316.79,162.51,489.54,1,-1,-1,-1
511,131,1841.92,430.88,67.53,204.58,1,-1,-1,-1
511,136,466.83,202.61,236.75,712.25,1,-1,-1,-1
511,139,515.37,275.01,171.93,517.85,1,-1,-1,-1
511,146,1393.02,421.44,78.23,236.91,1,-1,-1,-1
512,111,1562.01,396.33,88.48,267.32,1,-1,-1,-1
512,127,1353.19,425.99,77.75,235.27,1,-1,-1,-1
512,129,656.34,312.02,167.84,505.59,1,-1,-1,-1
512,131,1840.84,423.41,68.24,206.71,1,-1,-1,-1
512,139,545.65,275.62,171.38,516.18,1,-1,-1,-1
512,146,1401.80,428.92,75.45,228.48,1,-1,-1,-1
513,111,1560.50,395.37,94.41,285.24,1,-1,-1,-1
513,127,1344.89,431.44,74.97,226.86,1,-1,-1,-1
513,129,677.74,310.14,169.94,511.92,1,-1,-1,-1
513,131,1838.80,420.60,71.77,217.41,1,-1,-1,-1
513,139,556.61,276.81,188.52,567.77,1,-1,-1,-1
513,146,1394.68,431.95,74.33,225.08,1,-1,-1,-1
514,111,1560.00,395.04,96.47,291.44,1,-1,-1,-1
514,127,1337.17,432.23,74.62,225.79,1,-1,-1,-1
514,129,686.38,322.30,156.33,470.92,1,-1,-1,-1
514,131,1843.95,426.58,66.90,202.65,1,-1,-1,-1
514,139,585.98,262.85,203.65,613.30,1,-1,-1,-1
514,146,1394.40,421.58,77.52,234.73,1,-1,-1,-1
515,111,1559.61,394.92,97.27,293.84,1,-1,-1,-1
515,129,701.06,321.48,158.07,476.19,1,-1,-1,-1
515,131,1845.09,427.14,66.75,202.21,1,-1,-1,-1
515,139,596.92,271.51,200.60,604.08,1,-1,-1,-1
515,146,1383.65,417.85,78.67,238.20,1,-1,-1,-1
516,111,1573.34,406.39,89.26,269.69,1,-1,-1,-1
516,129,714.45,326.76,151.64,456.83,1,-1,-1,-1
516,136,570.96,207.44,257.58,774.89,1,-1,-1,-1
516,139,622.31,287.06,190.42,573.43,1,-1,-1,-1
516,146,1379.43,416.52,79.09,239.44,1,-1,-1,-1
517,111,1578.46,410.90,86.09,260.13,1,-1,-1,-1
517,129,722.46,327.42,150.94,454.71,1,-1,-1,-1
517,136,589.00,206.19,259.84,781.70,1,-1,-1,-1
517,139,636.82,265.90,204.41,615.51,1,-1,-1,-1
517,146,1376.07,427.30,75.70,229.20,1,-1,-1,-1
518,111,1582.11,407.59,89.11,269.26,1,-1,-1,-1
518,136,620.86,208.05,259.59,780.94,1,-1,-1,-1
518,139,660.13,284.40,191.98,578.07,1,-1,-1,-1
518,146,1374.78,431.56,74.37,225.15,1,-1,-1,-1
519,111,1583.34,406.39,90.20,272.55,1,-1,-1,-1
519,136,640.14,207.07,261.63,787.06,1,-1,-1,-1
519,139,673.63,279.79,195.37,588.28,1,-1,-1,-1
519,146,1374.33,433.14,73.87,223.66,1,-1,-1,-1
520,111,1583.62,405.90,90.62,273.84,1,-1,-1,-1
520,139,682.02,263.38,205.81,619.66,1,-1,-1,-1
520,146,1364.23,433.72,73.69,223.11,1,-1,-1,-1
521,111,1595.71,405.69,90.79,274.34,1,-1,-1,-1
521,139,684.78,257.17,209.70,631.36,1,-1,-1,-1
521,146,1360.50,433.93,73.63,222.91,1,-1,-1,-1
522,111,1597.34,410.36,86.81,262.34,1,-1,-1,-1
522,127,1295.68,432.98,68.80,208.24,1,-1,-1,-1
522,139,706.84,269.29,201.97,608.07,1,-1,-1,-1
522,146,1359.17,434.00,73.61,222.84,1,-1,-1,-1
523,111,1597.71,400.58,85.29,257.76,1,-1,-1,-1
523,127,1289.52,433.34,68.22,206.47,1,-1,-1,-1
523,139,732.39,303.46,174.31,524.81,1,-1,-1,-1
523,146,1348.85,434.02,73.60,222.83,1,-1,-1,-1
524,111,1597.70,396.99,84.76,256.15,1,-1,-1,-1
524,139,740.32,298.62,179.95,541.81,1,-1,-1,-1
524,146,1345.06,434.02,73.60,222.83,1,-1,-1,-1
525,111,1608.98,395.69,84.58,255.62,1,-1,-1,-1
525,127,1281.76,432.96,68.47,207.26,1,-1,-1,-1
525,139,755.90,306.76,173.65,522.84,1,-1,-1,-1
525,146,1340.41,439.94,67.25,203.62,1,-1,-1,-1
